,nasdaq_t100,short_term_rates,long_term_rates,dollar_index,vix_index,Laid_Off_Count
2020-03-02,5314.009765625,1.10,1.10,97.36000061035156,33.41999816894531,0.0
2020-03-03,5138.990234375,0.93,1.02,97.1500015258789,36.81999969482422,391.0
2020-03-04,5367.52978515625,0.71,1.02,97.33999633789062,31.989999771118164,200.0
2020-03-05,5197.419921875,0.61,0.92,96.81999969482422,39.619998931884766,0.0
2020-03-06,5086.419921875,0.45,0.74,95.94999694824219,41.939998626708984,46.0
2020-03-09,4690.85986328125,0.32,0.54,94.9000015258789,54.459999084472656,0.0
2020-03-10,4928.08984375,0.43,0.76,96.41000366210938,47.29999923706055,0.0
2020-03-11,4694.43017578125,0.41,0.82,96.51000213623047,53.900001525878906,75.0
2020-03-12,4229.47021484375,0.33,0.88,97.47000122070312,75.47000122070312,20.0
2020-03-13,4660.580078125,0.27,0.94,98.75,57.83000183105469,14.0
2020-03-16,4043.340087890625,0.24,0.73,98.08999633789062,82.69000244140625,175.0
2020-03-17,4373.6201171875,0.19,1.02,99.58000183105469,75.91000366210938,0.0
2020-03-18,4072.60009765625,0.02,1.18,101.16000366210938,76.44999694824219,4.0
2020-03-19,4178.2900390625,0.04,1.12,102.76000213623047,72.0,487.0
2020-03-20,4030.77001953125,0.05,0.92,102.81999969482422,66.04000091552734,956.0
2020-03-23,4091.4599609375,0.02,0.76,102.48999786376953,61.59000015258789,847.0
2020-03-24,4478.830078125,0.01,0.84,101.73999786376953,61.66999816894531,938.0
2020-03-25,4441.509765625,-0.04,0.88,101.05000305175781,63.95000076293945,1213.0
2020-03-26,4726.8798828125,-0.05,0.83,99.41999816894531,61.0,793.0
2020-03-27,4502.7001953125,0.03,0.72,98.37000274658203,65.54000091552734,3541.0
2020-03-30,4687.47998046875,0.12,0.70,99.18000030517578,57.08000183105469,3272.0
2020-03-31,4606.7099609375,0.11,0.70,99.05000305175781,53.540000915527344,2408.0
2020-04-01,4378.75,0.09,0.62,99.66999816894531,57.060001373291016,1223.0
2020-04-02,4459.009765625,0.09,0.63,100.18000030517578,50.90999984741211,2733.0
2020-04-03,4378.89990234375,0.10,0.62,100.58000183105469,46.79999923706055,2208.0
2020-04-06,4783.16015625,0.15,0.67,100.69000244140625,45.2400016784668,6581.0
2020-04-07,4757.9501953125,0.14,0.75,99.9800033569336,46.70000076293945,4654.0
2020-04-08,4905.419921875,0.22,0.77,100.12000274658203,43.349998474121094,1994.0
2020-04-09,4872.0400390625,0.25,0.73,99.5199966430664,41.66999816894531,2308.0
2020-04-13,4892.85009765625,0.26,0.76,99.3499984741211,41.16999816894531,3498.0
2020-04-14,5095.81982421875,0.20,0.76,98.88999938964844,37.7599983215332,634.0
2020-04-15,4992.7099609375,0.14,0.63,99.45999908447266,40.84000015258789,2034.0
2020-04-16,5086.8798828125,0.14,0.61,100.02999877929688,40.11000061035156,493.0
2020-04-17,5156.759765625,0.12,0.65,99.77999877929688,38.150001525878906,2002.0
2020-04-20,5076.43017578125,0.12,0.63,99.95999908447266,43.83000183105469,801.0
2020-04-21,4856.7998046875,0.11,0.58,100.26000213623047,45.40999984741211,2143.0
2020-04-22,5079.41015625,0.12,0.63,100.38999938964844,41.97999954223633,1414.0
2020-04-23,5035.2099609375,0.11,0.61,100.43000030517578,41.380001068115234,572.0
2020-04-24,5134.990234375,0.12,0.60,100.37999725341797,35.93000030517578,355.0
2020-04-27,5198.7998046875,0.12,0.67,100.04000091552734,33.290000915527344,1089.0
2020-04-28,5125.77001953125,0.11,0.62,99.87000274658203,33.56999969482422,1956.0
2020-04-29,5338.009765625,0.10,0.63,99.56999969482422,31.229999542236328,1716.0
2020-04-30,5234.0,0.09,0.64,99.0199966430664,34.150001525878906,460.0
2020-05-01,4999.580078125,0.12,0.64,98.80000305175781,37.189998626708984,695.0
2020-05-04,5048.18017578125,0.13,0.64,99.4800033569336,35.970001220703125,2402.0
2020-05-05,5140.9501953125,0.13,0.66,99.70999908447266,33.61000061035156,3350.0
2020-05-06,5186.009765625,0.12,0.72,100.08999633789062,34.119998931884766,4166.0
2020-05-07,5245.1298828125,0.11,0.63,99.88999938964844,31.440000534057617,1074.0
2020-05-08,5355.31982421875,0.12,0.69,99.7300033569336,27.979999542236328,9.0
2020-05-11,5366.33984375,0.12,0.73,100.23999786376953,27.56999969482422,88.0
2020-05-12,5236.08984375,0.13,0.69,99.93000030517578,33.040000915527344,1636.0
2020-05-13,5124.93994140625,0.13,0.64,100.23999786376953,35.279998779296875,950.0
2020-05-14,5225.56982421875,0.12,0.63,100.47000122070312,32.61000061035156,567.0
2020-05-15,5193.2099609375,0.12,0.64,100.4000015258789,31.889999389648438,1065.0
2020-05-18,5366.8798828125,0.13,0.73,99.66999816894531,29.299999237060547,6202.0
2020-05-19,5370.009765625,0.13,0.70,99.37000274658203,30.530000686645508,579.0
2020-05-20,5513.5,0.12,0.68,99.12000274658203,27.989999771118164,2173.0
2020-05-21,5432.77001953125,0.12,0.68,99.37000274658203,29.530000686645508,588.0
2020-05-22,5453.2998046875,0.12,0.66,99.86000061035156,28.15999984741211,21.0
2020-05-26,5493.2001953125,0.14,0.69,98.91000366210938,28.010000228881836,787.0
2020-05-27,5547.10009765625,0.15,0.68,99.05999755859375,27.6200008392334,212.0
2020-05-28,5499.2099609375,0.15,0.70,98.37999725341797,28.59000015258789,745.0
2020-05-29,5619.85986328125,0.14,0.65,98.33999633789062,27.510000228881836,94.0
2020-06-01,5610.490234375,0.14,0.66,97.83000183105469,28.229999542236328,1774.0
2020-06-02,5675.22998046875,0.15,0.68,97.66999816894531,26.84000015258789,178.0
2020-06-03,5783.06005859375,0.16,0.77,97.27999877929688,25.65999984741211,252.0
2020-06-04,5760.52001953125,0.15,0.82,96.68000030517578,25.809999465942383,139.0
2020-06-05,5915.47021484375,0.15,0.91,96.94000244140625,24.520000457763672,64.0
2020-06-08,5934.02978515625,0.17,0.88,96.62000274658203,25.809999465942383,0.0
2020-06-09,5915.0498046875,0.19,0.84,96.31999969482422,27.56999969482422,26.0
2020-06-10,5937.9599609375,0.17,0.75,95.95999908447266,27.56999969482422,10.0
2020-06-11,5577.6298828125,0.17,0.66,96.7300033569336,40.790000915527344,123.0
2020-06-12,5662.47021484375,0.16,0.71,97.31999969482422,36.09000015258789,288.0
2020-06-15,5729.97998046875,0.18,0.71,96.68000030517578,34.400001525878906,146.0
2020-06-16,5857.8701171875,0.17,0.75,96.95999908447266,33.66999816894531,1974.0
2020-06-17,5878.9501953125,0.17,0.74,97.16000366210938,33.470001220703125,40.0
2020-06-18,5888.18017578125,0.16,0.71,97.41999816894531,32.939998626708984,15.0
2020-06-19,5872.0498046875,0.15,0.70,97.62000274658203,35.119998931884766,200.0
2020-06-22,5922.39013671875,0.16,0.71,97.04000091552734,31.770000457763672,715.0
2020-06-23,5942.02001953125,0.16,0.72,96.69000244140625,31.3700008392334,526.0
2020-06-24,5808.33984375,0.15,0.69,97.1500015258789,33.84000015258789,745.0
2020-06-25,5864.10986328125,0.16,0.68,97.43000030517578,32.220001220703125,120.0
2020-06-26,5787.83984375,0.14,0.64,97.5,34.72999954223633,0.0
2020-06-29,5834.06005859375,0.14,0.64,97.54000091552734,31.780000686645508,830.0
2020-06-30,5960.27001953125,0.16,0.66,97.38999938964844,30.43000030517578,100.0
2020-07-01,5948.330078125,0.14,0.69,97.19999694824219,28.6200008392334,91.0
2020-07-02,5997.080078125,0.14,0.68,97.31999969482422,27.68000030517578,0.0
2020-07-06,6124.41015625,0.15,0.69,96.79000091552734,27.940000534057617,0.0
2020-07-07,6065.77978515625,0.15,0.65,96.87999725341797,29.43000030517578,0.0
2020-07-08,6145.35009765625,0.15,0.67,96.43000030517578,28.079999923706055,285.0
2020-07-09,6212.35009765625,0.13,0.62,96.69999694824219,29.260000228881836,140.0
2020-07-10,6204.60986328125,0.13,0.65,96.6500015258789,27.290000915527344,140.0
2020-07-13,6063.25,0.14,0.64,96.45999908447266,32.189998626708984,63.0
2020-07-14,6122.22021484375,0.15,0.63,96.26000213623047,29.520000457763672,420.0
2020-07-15,6136.14990234375,0.16,0.64,96.08000183105469,27.760000228881836,60.0
2020-07-16,6097.31982421875,0.11,0.62,96.3499984741211,28.0,30.0
2020-07-17,6146.18017578125,0.11,0.64,95.94000244140625,25.68000030517578,120.0
2020-07-20,6300.9599609375,0.13,0.62,95.83000183105469,24.459999084472656,22.0
2020-07-21,6251.93017578125,0.13,0.61,95.12000274658203,24.84000015258789,960.0
2020-07-22,6270.14013671875,0.13,0.60,94.97000122070312,24.31999969482422,0.0
2020-07-23,6160.9599609375,0.12,0.59,94.69000244140625,26.079999923706055,110.0
2020-07-24,6056.31005859375,0.11,0.59,94.44000244140625,25.84000015258789,0.0
2020-07-27,6178.72021484375,0.11,0.62,93.66999816894531,24.739999771118164,494.0
2020-07-28,6087.27978515625,0.11,0.59,93.76000213623047,25.440000534057617,180.0
2020-07-29,6202.31982421875,0.11,0.58,93.26000213623047,24.100000381469727,69.0
2020-07-30,6271.72998046875,0.09,0.55,93.0199966430664,24.760000228881836,4562.0
2020-07-31,6300.77001953125,0.09,0.55,93.48999786376953,24.459999084472656,0.0
2020-08-03,6379.60009765625,0.10,0.56,93.5,24.280000686645508,0.0
2020-08-04,6434.509765625,0.09,0.52,93.37999725341797,23.760000228881836,0.0
2020-08-05,6424.56982421875,0.10,0.55,92.83000183105469,22.989999771118164,56.0
2020-08-06,6415.14990234375,0.10,0.55,92.79000091552734,22.649999618530273,75.0
2020-08-07,6330.83984375,0.10,0.57,93.44000244140625,22.209999084472656,179.0
2020-08-10,6310.43994140625,0.11,0.59,93.58000183105469,22.1299991607666,20.0
2020-08-11,6224.2998046875,0.11,0.64,93.62999725341797,24.030000686645508,250.0
2020-08-12,6360.4599609375,0.11,0.69,93.44000244140625,22.280000686645508,69.0
2020-08-13,6332.93994140625,0.10,0.71,93.33999633789062,22.1299991607666,0.0
2020-08-14,6304.56982421875,0.10,0.71,93.0999984741211,22.049999237060547,150.0
2020-08-17,6372.02978515625,0.10,0.69,92.8499984741211,21.350000381469727,69.0
2020-08-18,6384.52001953125,0.09,0.67,92.2699966430664,21.510000228881836,30.0
2020-08-19,6358.490234375,0.11,0.68,92.88999938964844,22.540000915527344,37.0
2020-08-20,6400.1298828125,0.11,0.65,92.79000091552734,22.719999313354492,50.0
2020-08-21,6408.7099609375,0.10,0.64,93.25,22.540000915527344,0.0
2020-08-24,6458.27001953125,0.12,0.65,93.30000305175781,22.3700008392334,130.0
2020-08-25,6515.60986328125,0.11,0.69,93.0199966430664,22.030000686645508,0.0
2020-08-26,6611.02978515625,0.11,0.69,93.01000213623047,23.270000457763672,1100.0
2020-08-27,6557.0400390625,0.11,0.74,93.01000213623047,24.469999313354492,0.0
2020-08-28,6658.1201171875,0.10,0.74,92.37000274658203,22.959999084472656,0.0
2020-08-31,6651.2998046875,0.11,0.72,92.13999938964844,26.40999984741211,350.0
2020-09-01,6781.6298828125,0.12,0.68,92.33999633789062,26.1200008392334,272.0
2020-09-02,6915.1201171875,0.12,0.66,92.8499984741211,26.56999969482422,230.0
2020-09-03,6543.56005859375,0.11,0.63,92.73999786376953,33.599998474121094,0.0
2020-09-04,6435.31005859375,0.11,0.72,92.72000122070312,30.75,0.0
2020-09-08,6150.72021484375,0.13,0.69,93.4800033569336,31.459999084472656,46.0
2020-09-09,6294.83984375,0.12,0.71,93.26000213623047,28.809999465942383,30.0
2020-09-10,6191.419921875,0.12,0.68,93.33999633789062,29.709999084472656,0.0
2020-09-11,6172.08984375,0.11,0.67,93.33000183105469,26.8700008392334,290.0
2020-09-14,6285.9599609375,0.11,0.68,93.06999969482422,25.850000381469727,0.0
2020-09-15,6363.080078125,0.11,0.68,93.05000305175781,25.59000015258789,0.0
2020-09-16,6291.72021484375,0.12,0.69,93.20999908447266,26.040000915527344,30.0
2020-09-17,6241.330078125,0.09,0.69,92.97000122070312,26.459999084472656,0.0
2020-09-18,6158.56005859375,0.10,0.70,92.93000030517578,25.829999923706055,0.0
2020-09-21,6163.56005859375,0.10,0.68,93.54000091552734,27.780000686645508,0.0
2020-09-22,6258.8701171875,0.10,0.68,93.98999786376953,26.860000610351562,0.0
2020-09-23,6119.77978515625,0.11,0.68,94.38999938964844,28.579999923706055,170.0
2020-09-24,6146.81982421875,0.10,0.67,94.3499984741211,28.510000228881836,0.0
2020-09-25,6267.169921875,0.10,0.66,94.58000183105469,26.3799991607666,100.0
2020-09-28,6395.2900390625,0.11,0.67,94.26000213623047,26.190000534057617,0.0
2020-09-29,6394.7998046875,0.09,0.66,93.88999938964844,26.270000457763672,93.0
2020-09-30,6401.72998046875,0.10,0.69,93.88999938964844,26.3700008392334,0.0
2020-10-01,6513.259765625,0.09,0.68,93.70999908447266,26.700000762939453,0.0
2020-10-02,6341.7998046875,0.09,0.70,93.83999633789062,27.6299991607666,0.0
2020-10-05,6491.0498046875,0.10,0.78,93.51000213623047,27.959999084472656,0.0
2020-10-06,6419.60009765625,0.10,0.76,93.83000183105469,29.479999542236328,0.0
2020-10-07,6545.5,0.10,0.81,93.62999725341797,28.059999465942383,0.0
2020-10-08,6604.0,0.09,0.78,93.61000061035156,26.360000610351562,100.0
2020-10-09,6709.669921875,0.10,0.79,93.05999755859375,25.0,0.0
2020-10-12,6850.18994140625,.,.,93.06999969482422,25.06999969482422,250.0
2020-10-13,6843.4599609375,0.11,0.74,93.52999877929688,26.06999969482422,0.0
2020-10-14,6817.7900390625,0.12,0.73,93.37999725341797,26.399999618530273,90.0
2020-10-15,6785.68994140625,0.11,0.74,93.86000061035156,26.969999313354492,0.0
2020-10-16,6772.080078125,0.11,0.76,93.68000030517578,27.40999984741211,0.0
2020-10-19,6687.580078125,0.11,0.78,93.43000030517578,29.18000030517578,0.0
2020-10-20,6697.7001953125,0.10,0.81,93.06999969482422,29.350000381469727,200.0
2020-10-21,6680.4501953125,0.10,0.83,92.61000061035156,28.649999618530273,100.0
2020-10-22,6652.919921875,0.09,0.87,92.94999694824219,28.110000610351562,0.0
2020-10-23,6659.52978515625,0.10,0.85,92.7699966430664,27.549999237060547,8.0
2020-10-26,6524.52001953125,0.11,0.81,93.05000305175781,32.459999084472656,46.0
2020-10-27,6531.35986328125,0.10,0.79,92.94000244140625,33.349998474121094,0.0
2020-10-28,6307.990234375,0.10,0.79,93.41000366210938,40.279998779296875,0.0
2020-10-29,6437.22021484375,0.09,0.85,93.95999908447266,37.59000015258789,102.0
2020-10-30,6320.77001953125,0.09,0.88,94.04000091552734,38.02000045776367,0.0
2020-11-02,6346.759765625,0.09,0.87,94.05000305175781,37.130001068115234,99.0
2020-11-03,6473.669921875,0.10,0.90,93.55000305175781,35.54999923706055,0.0
2020-11-04,6740.2001953125,0.10,0.78,93.41000366210938,29.56999969482422,0.0
2020-11-05,6945.64013671875,0.10,0.79,92.52999877929688,27.579999923706055,30.0
2020-11-06,6996.93994140625,0.10,0.83,92.2300033569336,24.860000610351562,0.0
2020-11-09,6901.9599609375,0.11,0.96,92.7300033569336,25.75,30.0
2020-11-10,6714.77978515625,0.10,0.98,92.75,24.799999237060547,0.0
2020-11-11,6894.6298828125,.,.,93.04000091552734,23.450000762939453,0.0
2020-11-12,6830.06005859375,0.10,0.88,92.95999908447266,25.350000381469727,0.0
2020-11-13,6915.64013671875,0.09,0.89,92.76000213623047,23.100000381469727,0.0
2020-11-16,6995.14990234375,0.09,0.91,92.56999969482422,22.450000762939453,0.0
2020-11-17,6958.3798828125,0.09,0.87,92.41999816894531,22.709999084472656,272.0
2020-11-18,6881.2998046875,0.09,0.88,92.31999969482422,23.84000015258789,46.0
2020-11-19,6977.14013671875,0.07,0.86,92.29000091552734,23.110000610351562,5.0
2020-11-20,6927.580078125,0.07,0.83,92.38999938964844,23.700000762939453,0.0
2020-11-23,6961.81005859375,0.08,0.86,92.51000213623047,22.65999984741211,0.0
2020-11-24,7028.8798828125,0.09,0.88,92.2300033569336,21.639999389648438,0.0
2020-11-25,7034.0498046875,0.09,0.88,91.98999786376953,21.25,50.0
2020-11-27,7122.22021484375,0.09,0.84,91.79000091552734,20.84000015258789,0.0
2020-11-30,7170.509765625,0.08,0.84,91.87000274658203,20.56999969482422,0.0
2020-12-01,7254.330078125,0.09,0.92,91.30999755859375,20.770000457763672,0.0
2020-12-02,7274.1298828125,0.09,0.95,91.12000274658203,21.170000076293945,0.0
2020-12-03,7251.8701171875,0.08,0.92,90.70999908447266,21.280000686645508,0.0
2020-12-04,7394.85009765625,0.09,0.97,90.69999694824219,20.790000915527344,0.0
2020-12-07,7411.35009765625,0.08,0.94,90.79000091552734,21.299999237060547,0.0
2020-12-08,7443.58984375,0.09,0.92,90.97000122070312,20.68000030517578,600.0
2020-12-09,7271.35009765625,0.08,0.95,91.08999633789062,22.270000457763672,0.0
2020-12-10,7275.830078125,0.08,0.92,90.79000091552734,22.520000457763672,0.0
2020-12-11,7258.27978515625,0.08,0.90,90.9800033569336,23.309999465942383,0.0
2020-12-14,7327.02978515625,0.09,0.90,90.70999908447266,24.719999313354492,0.0
2020-12-15,7427.22021484375,0.08,0.92,90.47000122070312,22.889999389648438,0.0
2020-12-16,7468.64013671875,0.09,0.92,90.44999694824219,22.5,174.0
2020-12-17,7517.85986328125,0.08,0.94,89.81999969482422,21.93000030517578,0.0
2020-12-18,7526.35986328125,0.08,0.95,90.0199966430664,21.56999969482422,0.0
2020-12-21,7515.08984375,0.09,0.95,90.04000091552734,25.15999984741211,0.0
2020-12-22,7563.77001953125,0.09,0.93,90.6500015258789,24.229999542236328,0.0
2020-12-23,7488.14013671875,0.09,0.96,90.41000366210938,23.309999465942383,78.0
2020-12-24,7523.2998046875,0.09,0.94,90.33000183105469,21.530000686645508,0.0
2020-12-28,7495.5,0.11,0.94,90.33999633789062,21.700000762939453,0.0
2020-12-29,7458.64990234375,0.10,0.94,90.01000213623047,23.079999923706055,0.0
2020-12-30,7529.83984375,0.08,0.93,89.62999725341797,22.770000457763672,0.0
2020-12-31,7541.0498046875,0.09,0.93,89.94000244140625,22.75,0.0
2021-01-04,7463.18017578125,0.09,0.93,89.87999725341797,26.969999313354492,0.0
2021-01-05,7544.919921875,0.09,0.96,89.44000244140625,25.34000015258789,0.0
2021-01-06,7427.18017578125,0.09,1.04,89.52999877929688,25.06999969482422,1800.0
2021-01-07,7670.759765625,0.09,1.08,89.83000183105469,22.3700008392334,100.0
2021-01-08,7751.66015625,0.08,1.13,90.0999984741211,21.559999465942383,0.0
2021-01-11,7723.3798828125,0.08,1.15,90.54000091552734,24.079999923706055,69.0
2021-01-12,7776.0400390625,0.09,1.15,90.05000305175781,23.329999923706055,0.0
2021-01-13,7774.02001953125,0.09,1.10,90.31999969482422,22.209999084472656,315.0
2021-01-14,7831.3798828125,0.09,1.15,90.23999786376953,23.25,0.0
2021-01-15,7729.1201171875,0.09,1.11,90.77999877929688,24.34000015258789,0.0
2021-01-19,7918.9501953125,0.09,1.10,90.5,23.239999771118164,0.0
2021-01-20,7974.97998046875,0.08,1.10,90.47000122070312,21.579999923706055,21.0
2021-01-21,8007.080078125,0.09,1.12,90.12999725341797,21.31999969482422,1877.0
2021-01-22,7945.0,0.08,1.10,90.23999786376953,21.90999984741211,0.0
2021-01-25,7953.0400390625,0.09,1.05,90.38999938964844,23.190000534057617,980.0
2021-01-26,7876.31982421875,0.07,1.05,90.16999816894531,23.020000457763672,0.0
2021-01-27,7548.91015625,0.08,1.04,90.6500015258789,37.209999084472656,1820.0
2021-01-28,7702.56982421875,0.07,1.07,90.45999908447266,30.209999084472656,0.0
2021-01-29,7576.52978515625,0.06,1.11,90.58000183105469,33.09000015258789,0.0
2021-02-01,7832.35986328125,0.07,1.09,91.0199966430664,30.239999771118164,45.0
2021-02-02,7994.22998046875,0.07,1.12,91.19999694824219,25.559999465942383,0.0
2021-02-03,7854.9599609375,0.04,1.15,91.12000274658203,22.90999984741211,87.0
2021-02-04,7970.3701171875,0.04,1.15,91.52999877929688,21.770000457763672,13.0
2021-02-05,7988.4599609375,0.03,1.19,91.04000091552734,20.8700008392334,0.0
2021-02-08,8121.08984375,0.05,1.19,90.93000030517578,21.239999771118164,0.0
2021-02-09,8155.9599609375,0.04,1.18,90.44000244140625,21.6299991607666,323.0
2021-02-10,8201.919921875,0.05,1.15,90.37000274658203,21.989999771118164,0.0
2021-02-11,8384.099609375,0.05,1.16,90.41999816894531,21.25,0.0
2021-02-12,8470.0498046875,0.04,1.20,90.4800033569336,19.969999313354492,0.0
2021-02-16,8480.8603515625,0.04,1.30,90.51000213623047,21.459999084472656,0.0
2021-02-17,8349.33984375,0.04,1.29,90.94999694824219,21.5,0.0
2021-02-18,8274.1201171875,0.03,1.29,90.58999633789062,22.489999771118164,0.0
2021-02-19,8408.8798828125,0.04,1.34,90.36000061035156,22.049999237060547,0.0
2021-02-22,8119.669921875,0.03,1.37,90.01000213623047,23.450000762939453,200.0
2021-02-23,8059.7900390625,0.04,1.37,90.16999816894531,23.110000610351562,200.0
2021-02-24,8207.6796875,0.03,1.38,90.18000030517578,21.34000015258789,69.0
2021-02-25,7795.56005859375,0.04,1.54,90.12999725341797,28.889999389648438,0.0
2021-02-26,7888.02978515625,0.04,1.44,90.93000030517578,27.950000762939453,0.0
2021-03-01,8155.8701171875,0.05,1.45,91.04000091552734,23.350000381469727,50.0
2021-03-02,7949.2900390625,0.04,1.42,90.79000091552734,24.100000381469727,0.0
2021-03-03,7660.2900390625,0.05,1.47,90.94999694824219,26.670000076293945,46.0
2021-03-04,7395.33984375,0.04,1.54,91.62999725341797,28.56999969482422,0.0
2021-03-05,7541.2099609375,0.04,1.56,91.9800033569336,24.65999984741211,0.0
2021-03-08,7197.58984375,0.05,1.59,92.30999755859375,25.469999313354492,0.0
2021-03-09,7592.3701171875,0.05,1.55,91.95999908447266,24.030000686645508,47.0
2021-03-10,7493.43994140625,0.04,1.53,91.79000091552734,22.559999465942383,0.0
2021-03-11,7780.58984375,0.04,1.54,91.41999816894531,21.90999984741211,0.0
2021-03-12,7661.0,0.04,1.64,91.68000030517578,20.690000534057617,0.0
2021-03-15,7803.3798828125,0.04,1.62,91.83000183105469,20.030000686645508,0.0
2021-03-16,7852.580078125,0.02,1.62,91.87000274658203,19.790000915527344,0.0
2021-03-17,7906.740234375,0.02,1.63,91.4000015258789,19.229999542236328,0.0
2021-03-18,7604.509765625,0.01,1.71,91.8499984741211,21.579999923706055,0.0
2021-03-19,7681.990234375,0.01,1.74,91.91999816894531,20.950000762939453,0.0
2021-03-22,7838.43994140625,0.03,1.69,91.80000305175781,18.8799991607666,0.0
2021-03-23,7734.919921875,0.01,1.63,92.33999633789062,20.299999237060547,0.0
2021-03-24,7594.740234375,0.02,1.62,92.52999877929688,21.200000762939453,50.0
2021-03-25,7547.22021484375,0.02,1.63,92.87999725341797,19.809999465942383,0.0
2021-03-26,7810.72021484375,0.02,1.67,92.7699966430664,18.860000610351562,0.0
2021-03-29,7724.81005859375,0.03,1.73,92.94000244140625,20.739999771118164,0.0
2021-03-30,7685.35986328125,0.02,1.73,93.30000305175781,19.610000610351562,0.0
2021-03-31,7866.83984375,0.03,1.74,93.2300033569336,19.399999618530273,0.0
2021-04-01,8103.52978515625,0.02,1.69,92.93000030517578,17.329999923706055,0.0
2021-04-05,8245.2001953125,0.03,1.73,92.5999984741211,17.90999984741211,0.0
2021-04-06,8193.0400390625,0.02,1.67,92.33999633789062,18.1200008392334,160.0
2021-04-07,8173.75,0.02,1.68,92.45999908447266,17.15999984741211,0.0
2021-04-08,8298.5498046875,0.01,1.64,92.05999755859375,16.950000762939453,0.0
2021-04-09,8304.740234375,0.02,1.67,92.16000366210938,16.690000534057617,0.0
2021-04-12,8251.490234375,0.02,1.69,92.13999938964844,16.90999984741211,0.0
2021-04-13,8328.009765625,0.03,1.64,91.8499984741211,16.649999618530273,0.0
2021-04-14,8224.830078125,0.02,1.64,91.69000244140625,16.989999771118164,0.0
2021-04-15,8377.7001953125,0.02,1.56,91.66999816894531,16.56999969482422,0.0
2021-04-16,8323.419921875,0.02,1.59,91.55999755859375,16.25,0.0
2021-04-19,8164.64013671875,0.02,1.61,91.06999969482422,17.290000915527344,0.0
2021-04-20,8075.93017578125,0.03,1.58,91.23999786376953,18.68000030517578,0.0
2021-04-21,8213.2900390625,0.03,1.57,91.16000366210938,17.5,0.0
2021-04-22,8109.85009765625,0.03,1.57,91.33000183105469,18.709999084472656,0.0
2021-04-23,8259.330078125,0.03,1.58,90.86000061035156,17.329999923706055,0.0
2021-04-26,8374.23046875,0.03,1.58,90.80999755859375,17.639999389648438,36.0
2021-04-27,8321.0703125,0.01,1.63,90.91000366210938,17.559999465942383,0.0
2021-04-28,8264.759765625,0.01,1.63,90.61000061035156,17.280000686645508,0.0
2021-04-29,8286.6103515625,0.01,1.65,90.61000061035156,17.610000610351562,111.0
2021-04-30,8121.35986328125,0.01,1.65,91.27999877929688,18.610000610351562,0.0
2021-05-03,8022.72998046875,0.04,1.63,90.94999694824219,18.309999465942383,0.0
2021-05-04,7863.02001953125,0.02,1.61,91.29000091552734,19.479999542236328,0.0
2021-05-05,7859.22998046875,0.02,1.59,91.30999755859375,19.149999618530273,69.0
2021-05-06,7853.18994140625,0.02,1.58,90.94999694824219,18.389999389648438,0.0
2021-05-07,7939.97998046875,0.02,1.60,90.2300033569336,16.690000534057617,0.0
2021-05-10,7665.5,0.02,1.63,90.20999908447266,19.65999984741211,0.0
2021-05-11,7718.93017578125,0.01,1.64,90.13999938964844,21.84000015258789,0.0
2021-05-12,7468.7099609375,0.02,1.69,90.70999908447266,27.59000015258789,0.0
2021-05-13,7503.0,0.02,1.66,90.75,23.1299991607666,0.0
2021-05-14,7706.9599609375,0.01,1.63,90.31999969482422,18.809999465942383,0.0
2021-05-17,7644.7099609375,0.02,1.64,90.22000122070312,19.719999313354492,0.0
2021-05-18,7596.8701171875,0.02,1.64,89.75,21.34000015258789,0.0
2021-05-19,7690.0,0.01,1.68,90.19000244140625,22.18000030517578,0.0
2021-05-20,7890.68017578125,0.01,1.63,89.80999755859375,20.670000076293945,0.0
2021-05-21,7850.009765625,0.01,1.63,90.0199966430664,20.149999618530273,0.0
2021-05-24,8000.27001953125,0.02,1.61,89.83000183105469,18.399999618530273,0.0
2021-05-25,8033.2099609375,0.02,1.56,89.63999938964844,18.84000015258789,0.0
2021-05-26,8053.77978515625,0.02,1.58,90.04000091552734,17.360000610351562,0.0
2021-05-27,8019.8798828125,0.02,1.61,89.97000122070312,16.739999771118164,0.0
2021-05-28,8064.85009765625,0.01,1.58,90.02999877929688,16.760000228881836,0.0
2021-06-01,8025.759765625,0.02,1.62,89.83000183105469,17.899999618530273,2434.0
2021-06-02,8046.7099609375,0.02,1.59,89.9000015258789,17.479999542236328,0.0
2021-06-03,7908.5400390625,0.02,1.63,90.5,18.040000915527344,0.0
2021-06-04,8110.8701171875,0.02,1.56,90.13999938964844,16.420000076293945,0.0
2021-06-07,8101.669921875,0.02,1.57,89.94999694824219,16.420000076293945,0.0
2021-06-08,8092.6298828125,0.02,1.53,90.08000183105469,17.06999969482422,0.0
2021-06-09,8069.16015625,0.03,1.50,90.12000274658203,17.889999389648438,0.0
2021-06-10,8190.75,0.03,1.45,90.08000183105469,16.100000381469727,0.0
2021-06-11,8240.83984375,0.03,1.47,90.55999755859375,15.649999618530273,0.0
2021-06-14,8334.3798828125,0.03,1.51,90.5199966430664,16.389999389648438,0.0
2021-06-15,8261.01953125,0.03,1.51,90.54000091552734,17.020000457763672,0.0
2021-06-16,8221.5703125,0.04,1.57,91.12999725341797,18.149999618530273,0.0
2021-06-17,8341.2099609375,0.04,1.52,91.88999938964844,17.75,0.0
2021-06-18,8268.330078125,0.05,1.45,92.2300033569336,20.700000762939453,0.0
2021-06-21,8307.33984375,0.05,1.50,91.86000061035156,17.889999389648438,0.0
2021-06-22,8393.8896484375,0.04,1.48,91.7300033569336,16.65999984741211,0.0
2021-06-23,8398.1796875,0.05,1.50,91.80000305175781,16.31999969482422,0.0
2021-06-24,8510.6103515625,0.05,1.49,91.81999969482422,15.970000267028809,0.0
2021-06-25,8508.849609375,0.06,1.54,91.80999755859375,15.619999885559082,0.0
2021-06-28,8657.3896484375,0.05,1.49,91.87999725341797,15.760000228881836,0.0
2021-06-29,8721.400390625,0.04,1.49,92.05000305175781,16.020000457763672,0.0
2021-06-30,8681.2099609375,0.05,1.45,92.44000244140625,15.829999923706055,0.0
2021-07-01,8607.3701171875,0.05,1.48,92.5999984741211,15.479999542236328,0.0
2021-07-02,8675.759765625,0.05,1.44,92.2300033569336,15.069999694824219,0.0
2021-07-06,8675.650390625,0.05,1.37,92.55000305175781,16.440000534057617,0.0
2021-07-07,8612.669921875,0.05,1.33,92.63999938964844,16.200000762939453,0.0
2021-07-08,8525.1796875,0.06,1.30,92.36000061035156,19.0,0.0
2021-07-09,8628.16015625,0.06,1.37,92.12999725341797,16.18000030517578,0.0
2021-07-12,8637.3701171875,0.05,1.38,92.2300033569336,16.170000076293945,0.0
2021-07-13,8622.1796875,0.05,1.42,92.75,17.1200008392334,0.0
2021-07-14,8590.5703125,0.06,1.37,92.41000366210938,16.329999923706055,0.0
2021-07-15,8497.0,0.05,1.31,92.62000274658203,17.010000228881836,0.0
2021-07-16,8395.5400390625,0.05,1.31,92.69000244140625,18.450000762939453,0.0
2021-07-19,8348.0400390625,0.05,1.19,92.88999938964844,22.5,0.0
2021-07-20,8480.419921875,0.05,1.23,92.97000122070312,19.729999542236328,0.0
2021-07-21,8638.08984375,0.05,1.30,92.75,17.90999984741211,0.0
2021-07-22,8663.9599609375,0.05,1.27,92.81999969482422,17.690000534057617,0.0
2021-07-23,8749.51953125,0.05,1.30,92.91000366210938,17.200000762939453,0.0
2021-07-26,8726.6201171875,0.05,1.29,92.6500015258789,17.579999923706055,80.0
2021-07-27,8593.509765625,0.05,1.25,92.43000030517578,19.360000610351562,0.0
2021-07-28,8710.080078125,0.05,1.26,92.31999969482422,18.309999465942383,0.0
2021-07-29,8816.6904296875,0.06,1.28,91.86000061035156,17.700000762939453,0.0
2021-07-30,8886.169921875,0.06,1.24,92.16999816894531,18.239999771118164,0.0
2021-08-02,8898.580078125,0.05,1.20,92.05000305175781,19.459999084472656,0.0
2021-08-03,8942.26953125,0.05,1.19,92.08000183105469,18.040000915527344,0.0
2021-08-04,9021.8203125,0.05,1.19,92.2699966430664,17.969999313354492,0.0
2021-08-05,9040.83984375,0.05,1.23,92.23999786376953,17.280000686645508,1800.0
2021-08-06,8990.16015625,0.06,1.31,92.80000305175781,16.149999618530273,0.0
2021-08-09,8965.9501953125,0.06,1.33,92.94999694824219,16.719999313354492,0.0
2021-08-10,8861.849609375,0.05,1.36,93.05999755859375,16.790000915527344,0.0
2021-08-11,8870.900390625,0.05,1.35,92.91000366210938,16.170000076293945,0.0
2021-08-12,8849.58984375,0.06,1.36,93.04000091552734,15.59000015258789,0.0
2021-08-13,8877.3798828125,0.06,1.29,92.5199966430664,15.449999809265137,0.0
2021-08-16,8829.4404296875,0.06,1.26,92.62999725341797,16.1200008392334,0.0
2021-08-17,8720.5703125,0.07,1.26,93.12999725341797,17.90999984741211,0.0
2021-08-18,8642.4599609375,0.07,1.27,93.13999938964844,21.56999969482422,0.0
2021-08-19,8716.8203125,0.06,1.24,93.56999969482422,21.670000076293945,0.0
2021-08-20,8789.6396484375,0.05,1.26,93.5,18.559999465942383,0.0
2021-08-23,8970.5302734375,0.05,1.25,92.95999908447266,17.149999618530273,0.0
2021-08-24,9025.83984375,0.05,1.29,92.88999938964844,17.219999313354492,37.0
2021-08-25,9063.599609375,0.06,1.35,92.83000183105469,16.790000915527344,0.0
2021-08-26,9026.650390625,0.05,1.34,93.05999755859375,18.84000015258789,0.0
2021-08-27,9181.580078125,0.05,1.31,92.69000244140625,16.389999389648438,0.0
2021-08-30,9228.9599609375,0.05,1.29,92.6500015258789,16.190000534057617,30.0
2021-08-31,9139.0703125,0.04,1.30,92.62999725341797,16.479999542236328,0.0
2021-09-01,9131.8203125,0.05,1.31,92.44999694824219,16.110000610351562,0.0
2021-09-02,9157.98046875,0.05,1.29,92.2300033569336,16.40999984741211,0.0
2021-09-03,9209.9296875,0.05,1.33,92.04000091552734,16.40999984741211,0.0
2021-09-07,9181.51953125,0.05,1.38,92.5199966430664,18.139999389648438,0.0
2021-09-08,9111.580078125,0.05,1.35,92.6500015258789,17.959999084472656,0.0
2021-09-09,9124.2998046875,0.04,1.30,92.4800033569336,18.799999237060547,0.0
2021-09-10,9119.419921875,0.05,1.35,92.58000183105469,20.950000762939453,0.0
2021-09-13,9106.3701171875,0.06,1.33,92.62000274658203,19.3700008392334,0.0
2021-09-14,9101.3896484375,0.04,1.28,92.6500015258789,19.459999084472656,241.0
2021-09-15,9177.51953125,0.04,1.31,92.48999786376953,18.18000030517578,100.0
2021-09-16,9213.7802734375,0.04,1.34,92.86000061035156,18.690000534057617,0.0
2021-09-17,9090.1396484375,0.04,1.37,93.19999694824219,20.809999465942383,0.0
2021-09-20,8885.1201171875,0.04,1.31,93.23999786376953,25.709999084472656,0.0
2021-09-21,8898.1396484375,0.03,1.33,93.19999694824219,24.360000610351562,0.0
2021-09-22,9011.240234375,0.03,1.32,93.45999908447266,20.8700008392334,83.0
2021-09-23,9107.759765625,0.03,1.41,93.0999984741211,18.6299991607666,120.0
2021-09-24,9115.73046875,0.03,1.47,93.33000183105469,17.75,0.0
2021-09-27,9032.0400390625,0.04,1.48,93.37999725341797,18.760000228881836,0.0
2021-09-28,8697.599609375,0.04,1.54,93.7699966430664,23.25,0.0
2021-09-29,8600.4599609375,0.04,1.55,94.33999633789062,22.559999465942383,0.0
2021-09-30,8606.6396484375,0.04,1.52,94.25,23.139999389648438,0.0
2021-10-01,8652.1396484375,0.04,1.48,94.04000091552734,21.100000381469727,50.0
2021-10-04,8413.3701171875,0.04,1.49,93.80999755859375,22.959999084472656,0.0
2021-10-05,8535.9501953125,0.04,1.54,93.9800033569336,21.299999237060547,22.0
2021-10-06,8591.080078125,0.04,1.53,94.2699966430664,21.0,0.0
2021-10-07,8691.9599609375,0.05,1.58,94.22000122070312,19.540000915527344,0.0
2021-10-08,8626.599609375,0.05,1.61,94.06999969482422,18.770000457763672,0.0
2021-10-11,8574.080078125,.,.,94.31999969482422,20.0,0.0
2021-10-12,8555.16015625,0.06,1.59,94.5199966430664,19.850000381469727,0.0
2021-10-13,8681.9404296875,0.05,1.56,94.08000183105469,18.639999389648438,0.0
2021-10-14,8876.330078125,0.05,1.52,93.95999908447266,16.860000610351562,0.0
2021-10-15,8910.6201171875,0.05,1.59,93.94000244140625,16.299999237060547,0.0
2021-10-18,9020.8701171875,0.06,1.59,93.94999694824219,16.309999465942383,0.0
2021-10-19,9118.5400390625,0.05,1.65,93.79000091552734,15.699999809265137,0.0
2021-10-20,9109.330078125,0.05,1.65,93.55999755859375,15.489999771118164,0.0
2021-10-21,9229.080078125,0.06,1.68,93.7699966430664,15.010000228881836,0.0
2021-10-22,9177.4697265625,0.06,1.66,93.61000061035156,15.430000305175781,0.0
2021-10-25,9220.58984375,0.06,1.64,93.80999755859375,15.239999771118164,0.0
2021-10-26,9192.8701171875,0.06,1.63,93.94999694824219,15.979999542236328,0.0
2021-10-27,9104.3095703125,0.06,1.54,93.86000061035156,16.979999542236328,0.0
2021-10-28,9202.1396484375,0.06,1.57,93.3499984741211,16.530000686645508,0.0
2021-10-29,9276.330078125,0.05,1.55,94.12000274658203,16.260000228881836,0.0
2021-11-01,9316.98046875,0.05,1.58,93.87999725341797,16.40999984741211,0.0
2021-11-02,9383.2998046875,0.05,1.56,94.08999633789062,16.030000686645508,2000.0
2021-11-03,9454.48046875,0.05,1.60,93.86000061035156,15.100000381469727,0.0
2021-11-04,9672.76953125,0.04,1.53,94.3499984741211,15.4399995803833,0.0
2021-11-05,9679.8095703125,0.05,1.45,94.31999969482422,16.479999542236328,0.0
2021-11-08,9772.169921875,0.06,1.51,94.05000305175781,17.219999313354492,0.0
2021-11-09,9803.2099609375,0.04,1.46,93.95999908447266,17.780000686645508,0.0
2021-11-10,9545.3203125,0.05,1.56,94.8499984741211,18.729999542236328,0.0
2021-11-11,9651.01953125,.,.,95.18000030517578,17.65999984741211,0.0
2021-11-12,9786.5,0.05,1.58,95.12999725341797,16.290000915527344,0.0
2021-11-15,9712.2001953125,0.05,1.63,95.41000366210938,16.489999771118164,0.0
2021-11-16,9855.419921875,0.05,1.63,95.91999816894531,16.3700008392334,0.0
2021-11-17,9801.5498046875,0.05,1.60,95.83000183105469,17.110000610351562,0.0
2021-11-18,9840.0498046875,0.05,1.59,95.54000091552734,17.59000015258789,70.0
2021-11-19,9846.5595703125,0.05,1.54,96.06999969482422,17.90999984741211,0.0
2021-11-22,9627.240234375,0.05,1.63,96.5,19.170000076293945,0.0
2021-11-23,9539.669921875,0.06,1.67,96.48999786376953,19.3799991607666,0.0
2021-11-24,9595.7001953125,0.06,1.64,96.83999633789062,18.579999923706055,0.0
2021-11-26,9402.5302734375,0.06,1.48,96.08999633789062,28.6200008392334,0.0
2021-11-29,9670.75,0.06,1.52,96.33999633789062,22.959999084472656,0.0
2021-11-30,9446.7802734375,0.05,1.43,95.98999786376953,27.190000534057617,0.0
2021-12-01,9275.7802734375,0.06,1.43,96.05000305175781,31.1200008392334,900.0
2021-12-02,9371.5498046875,0.05,1.44,96.12999725341797,27.950000762939453,0.0
2021-12-03,9175.669921875,0.06,1.35,96.12000274658203,30.670000076293945,0.0
2021-12-06,9246.259765625,0.06,1.43,96.29000091552734,27.18000030517578,0.0
2021-12-07,9612.73046875,0.06,1.48,96.37000274658203,21.889999389648438,0.0
2021-12-08,9646.8896484375,0.07,1.52,95.88999938964844,19.899999618530273,100.0
2021-12-09,9448.099609375,0.06,1.49,96.2699966430664,21.579999923706055,0.0
2021-12-10,9518.1396484375,0.06,1.48,96.05000305175781,18.690000534057617,0.0
2021-12-13,9373.759765625,0.05,1.42,96.31999969482422,20.309999465942383,0.0
2021-12-14,9240.2099609375,0.05,1.44,96.56999969482422,21.889999389648438,0.0
2021-12-15,9521.5498046875,0.06,1.47,96.51000213623047,19.290000915527344,0.0
2021-12-16,9194.330078125,0.05,1.44,96.04000091552734,20.56999969482422,0.0
2021-12-17,9219.349609375,0.05,1.41,96.56999969482422,21.56999969482422,0.0
2021-12-20,9113.240234375,0.07,1.43,96.55000305175781,22.8700008392334,0.0
2021-12-21,9431.2802734375,0.07,1.48,96.48999786376953,21.010000228881836,0.0
2021-12-22,9508.169921875,0.08,1.46,96.08000183105469,18.6299991607666,300.0
2021-12-23,9584.75,0.08,1.50,96.0199966430664,17.959999084472656,0.0
2021-12-27,9764.900390625,0.06,1.48,96.08999633789062,17.68000030517578,0.0
2021-12-28,9657.73046875,0.06,1.49,96.19999694824219,17.540000915527344,0.0
2021-12-29,9656.8896484375,0.05,1.55,95.93000030517578,16.950000762939453,0.0
2021-12-30,9637.169921875,0.05,1.52,95.97000122070312,17.329999923706055,0.0
2021-12-31,9575.3896484375,0.06,1.52,95.66999816894531,17.219999313354492,0.0
2022-01-03,9565.419921875,0.09,1.63,96.23999786376953,16.600000381469727,0.0
2022-01-04,9408.16015625,0.08,1.66,96.29000091552734,16.90999984741211,0.0
2022-01-05,9044.6201171875,0.09,1.71,96.19000244140625,19.729999542236328,0.0
2022-01-06,9117.75,0.10,1.73,96.25,19.610000610351562,0.0
2022-01-07,8939.6396484375,0.10,1.76,95.73999786376953,18.760000228881836,0.0
2022-01-10,8991.2001953125,0.13,1.78,95.98999786376953,19.399999618530273,100.0
2022-01-11,9146.7802734375,0.12,1.75,95.62000274658203,18.40999984741211,0.0
2022-01-12,9167.650390625,0.12,1.74,95.0,17.6200008392334,0.0
2022-01-13,8858.2197265625,0.12,1.70,94.79000091552734,20.309999465942383,0.0
2022-01-14,8983.2001953125,0.13,1.78,95.16999816894531,19.190000534057617,0.0
2022-01-18,8678.990234375,0.17,1.87,95.7300033569336,22.790000915527344,0.0
2022-01-19,8575.2001953125,0.17,1.83,95.51000213623047,23.850000381469727,0.0
2022-01-20,8447.7001953125,0.18,1.83,95.73999786376953,25.59000015258789,359.0
2022-01-21,8235.0498046875,0.17,1.75,95.63999938964844,28.850000381469727,0.0
2022-01-24,8370.66015625,0.20,1.75,95.91999816894531,29.899999618530273,0.0
2022-01-25,8029.52001953125,0.20,1.78,95.94999694824219,31.15999984741211,0.0
2022-01-26,8053.919921875,0.19,1.85,96.48999786376953,31.959999084472656,180.0
2022-01-27,7868.56982421875,0.20,1.81,97.26000213623047,30.489999771118164,0.0
2022-01-28,8134.18994140625,0.19,1.78,97.2699966430664,27.65999984741211,0.0
2022-01-31,8542.900390625,0.24,1.79,96.54000091552734,24.829999923706055,0.0
2022-02-01,8594.73046875,0.20,1.81,96.38999938964844,21.959999084472656,0.0
2022-02-02,8670.1396484375,0.20,1.78,95.94000244140625,22.09000015258789,0.0
2022-02-03,8259.6103515625,0.21,1.82,95.37999725341797,24.350000381469727,57.0
2022-02-04,8389.0498046875,0.23,1.93,95.4800033569336,23.219999313354492,0.0
2022-02-07,8344.1201171875,0.28,1.92,95.4000015258789,22.860000610351562,46.0
2022-02-08,8487.919921875,0.27,1.96,95.63999938964844,21.440000534057617,2800.0
2022-02-09,8776.5400390625,0.27,1.94,95.48999786376953,19.959999084472656,0.0
2022-02-10,8586.099609375,0.41,2.03,95.55000305175781,23.90999984741211,198.0
2022-02-11,8221.3798828125,0.37,1.92,96.08000183105469,27.360000610351562,0.0
2022-02-14,8235.9599609375,0.45,1.98,96.37000274658203,28.329999923706055,119.0
2022-02-15,8541.58984375,0.41,2.05,95.98999786376953,25.700000762939453,0.0
2022-02-16,8488.1298828125,0.39,2.03,95.69999694824219,24.290000915527344,100.0
2022-02-17,8131.5400390625,0.37,1.97,95.80000305175781,28.110000610351562,120.0
2022-02-18,7985.25,0.35,1.92,96.04000091552734,27.75,0.0
2022-02-22,7951.8798828125,0.39,1.94,96.02999877929688,28.809999465942383,0.0
2022-02-23,7753.330078125,0.36,1.99,96.19000244140625,31.020000457763672,0.0
2022-02-24,8158.97021484375,0.33,1.96,97.13999938964844,30.31999969482422,30.0
2022-02-25,8242.1904296875,0.33,1.97,96.62000274658203,27.59000015258789,100.0
2022-02-28,8277.5595703125,0.37,1.83,96.70999908447266,30.149999618530273,0.0
2022-03-01,8123.3798828125,0.32,1.72,97.41000366210938,33.31999969482422,190.0
2022-03-02,8295.849609375,0.33,1.86,97.38999938964844,30.739999771118164,500.0
2022-03-03,8080.89013671875,0.37,1.86,97.79000091552734,30.479999542236328,100.0
2022-03-04,7883.91015625,0.33,1.74,98.6500015258789,31.979999542236328,0.0
2022-03-07,7492.43994140625,0.38,1.78,99.29000091552734,36.45000076293945,0.0
2022-03-08,7489.39990234375,0.36,1.86,99.05999755859375,35.130001068115234,3100.0
2022-03-09,7839.27001953125,0.38,1.94,97.97000122070312,32.45000076293945,0.0
2022-03-10,7688.81005859375,0.38,1.98,98.51000213623047,30.229999542236328,200.0
2022-03-11,7440.16015625,0.39,2.00,99.12000274658203,30.75,0.0
2022-03-14,7193.06005859375,0.45,2.14,99.05999755859375,31.770000457763672,0.0
2022-03-15,7431.490234375,0.46,2.15,99.06999969482422,29.829999923706055,615.0
2022-03-16,7852.5,0.43,2.19,98.37999725341797,26.670000076293945,150.0
2022-03-17,7964.39990234375,0.40,2.20,98.01000213623047,25.670000076293945,100.0
2022-03-18,8198.83984375,0.41,2.14,98.2300033569336,23.8700008392334,0.0
2022-03-21,8137.68017578125,0.55,2.32,98.5,23.530000686645508,90.0
2022-03-22,8307.6103515625,0.51,2.38,98.48999786376953,22.940000534057617,0.0
2022-03-23,8112.2900390625,0.50,2.32,98.62000274658203,23.56999969482422,0.0
2022-03-24,8366.91015625,0.50,2.34,98.79000091552734,21.670000076293945,0.0
2022-03-25,8296.7197265625,0.53,2.48,98.80999755859375,20.809999465942383,0.0
2022-03-28,8432.8896484375,0.60,2.46,99.08999633789062,19.6299991607666,180.0
2022-03-29,8625.330078125,0.56,2.41,98.4000015258789,18.899999618530273,550.0
2022-03-30,8436.849609375,0.55,2.35,97.79000091552734,19.329999923706055,409.0
2022-03-31,8320.0595703125,0.51,2.32,98.30999755859375,20.559999465942383,20.0
2022-04-01,8302.16015625,0.52,2.39,98.62999725341797,19.6299991607666,0.0
2022-04-04,8495.51953125,0.67,2.42,98.98999786376953,18.56999969482422,98.0
2022-04-05,8192.3798828125,0.65,2.54,99.47000122070312,21.030000686645508,496.0
2022-04-06,7972.080078125,0.67,2.61,99.5999984741211,22.100000381469727,0.0
2022-04-07,7995.4501953125,0.68,2.66,99.75,21.549999237060547,1070.0
2022-04-08,7836.41015625,0.69,2.72,99.80000305175781,21.15999984741211,20.0
2022-04-11,7694.509765625,0.78,2.79,99.93000030517578,24.3700008392334,150.0
2022-04-12,7641.7998046875,0.74,2.72,100.29000091552734,24.260000228881836,100.0
2022-04-13,7856.56982421875,0.75,2.70,99.87999725341797,21.81999969482422,0.0
2022-04-14,7624.25,0.78,2.83,100.31999969482422,22.700000762939453,127.0
2022-04-18,7615.64013671875,0.82,2.85,100.77999877929688,22.170000076293945,50.0
2022-04-19,7819.0400390625,0.82,2.93,100.95999908447266,21.3700008392334,588.0
2022-04-20,7702.7998046875,0.82,2.85,100.38999938964844,20.31999969482422,312.0
2022-04-21,7435.330078125,0.82,2.90,100.58000183105469,22.68000030517578,180.0
2022-04-22,7245.1201171875,0.82,2.90,101.22000122070312,28.209999084472656,0.0
2022-04-25,7420.7001953125,0.93,2.81,101.75,27.020000457763672,86.0
2022-04-26,7124.14013671875,0.84,2.77,102.30000305175781,33.52000045776367,369.0
2022-04-27,7102.02978515625,0.82,2.82,102.94999694824219,31.600000381469727,50.0
2022-04-28,7454.66015625,0.81,2.85,103.62000274658203,29.989999771118164,175.0
2022-04-29,7102.06982421875,0.83,2.89,102.95999908447266,33.400001525878906,495.0
2022-05-02,7282.93994140625,0.90,2.99,103.73999786376953,32.34000015258789,569.0
2022-05-03,7259.83984375,0.90,2.97,103.47000122070312,29.25,0.0
2022-05-04,7501.60986328125,0.88,2.93,102.58999633789062,25.420000076293945,663.0
2022-05-05,7064.25,0.84,3.05,103.75,31.200000762939453,462.0
2022-05-06,6879.3798828125,0.84,3.12,103.66000366210938,30.190000534057617,812.0
2022-05-09,6484.08984375,0.92,3.05,103.6500015258789,34.75,620.0
2022-05-10,6618.759765625,0.89,2.99,103.91999816894531,32.9900016784668,3040.0
2022-05-11,6379.419921875,0.90,2.91,103.8499984741211,32.560001373291016,70.0
2022-05-12,6437.169921875,0.95,2.84,104.8499984741211,31.770000457763672,282.0
2022-05-13,6802.1298828125,1.01,2.93,104.55999755859375,28.8700008392334,68.0
2022-05-16,6628.3701171875,1.07,2.88,104.19000244140625,27.469999313354492,624.0
2022-05-17,6829.81982421875,1.06,2.98,103.36000061035156,26.100000381469727,340.0
2022-05-18,6480.9501953125,1.02,2.89,103.80999755859375,30.959999084472656,424.0
2022-05-19,6570.18017578125,1.04,2.84,102.72000122070312,29.350000381469727,600.0
2022-05-20,6614.27978515625,1.01,2.78,103.1500015258789,29.43000030517578,287.0
2022-05-23,6664.0,1.07,2.86,102.08000183105469,28.479999542236328,1708.0
2022-05-24,6455.22998046875,1.05,2.76,101.86000061035156,29.450000762939453,540.0
2022-05-25,6619.60986328125,1.05,2.75,102.05999755859375,28.3700008392334,945.0
2022-05-26,6856.2900390625,1.06,2.75,101.83000183105469,27.5,410.0
2022-05-27,7137.759765625,1.06,2.74,101.66999816894531,25.719999313354492,402.0
2022-05-31,7042.3798828125,1.13,2.85,101.75,26.190000534057617,436.0
2022-06-01,6976.81005859375,1.12,2.94,102.55000305175781,25.690000534057617,1073.0
2022-06-02,7280.759765625,1.13,2.92,101.7699966430664,24.719999313354492,1234.0
2022-06-03,7075.81005859375,1.17,2.96,102.13999938964844,24.790000915527344,384.0
2022-06-06,7089.89990234375,1.23,3.04,102.44000244140625,25.06999969482422,333.0
2022-06-07,7205.8701171875,1.24,2.98,102.31999969482422,24.020000457763672,2244.0
2022-06-08,7122.27978515625,1.25,3.03,102.54000091552734,23.959999084472656,669.0
2022-06-09,6913.93017578125,1.26,3.04,103.22000122070312,26.09000015258789,1963.0
2022-06-10,6606.77001953125,1.34,3.15,104.1500015258789,27.75,919.0
2022-06-13,6209.25,1.69,3.43,105.08000183105469,34.02000045776367,589.0
2022-06-14,6243.2900390625,1.78,3.49,105.5199966430664,32.689998626708984,2318.0
2022-06-15,6407.7900390625,1.69,3.33,105.16000366210938,29.6200008392334,883.0
2022-06-16,6054.97021484375,1.54,3.28,103.62999725341797,32.95000076293945,165.0
2022-06-17,6144.5,1.58,3.25,104.69999694824219,31.1299991607666,235.0
2022-06-21,6298.52978515625,1.66,3.31,104.44000244140625,30.190000534057617,585.0
2022-06-22,6272.64013671875,1.57,3.16,104.19999694824219,28.950000762939453,606.0
2022-06-23,6408.3798828125,1.59,3.09,104.43000030517578,29.049999237060547,762.0
2022-06-24,6705.2900390625,1.66,3.13,104.19000244140625,27.229999542236328,556.0
2022-06-27,6627.7998046875,1.75,3.20,103.94000244140625,26.950000762939453,1069.0
2022-06-28,6398.58984375,1.75,3.20,104.51000213623047,28.360000610351562,1114.0
2022-06-29,6358.35009765625,1.73,3.10,105.11000061035156,28.15999984741211,1393.0
2022-06-30,6248.2998046875,1.66,2.98,104.69000244140625,28.709999084472656,825.0
2022-07-01,6252.35986328125,1.66,2.88,105.13999938964844,26.700000762939453,240.0
2022-07-05,6407.35009765625,1.86,2.82,106.5,27.540000915527344,805.0
2022-07-06,6428.39013671875,1.85,2.93,107.0999984741211,26.729999542236328,276.0
2022-07-07,6627.60009765625,1.89,3.01,107.12999725341797,26.079999923706055,653.0
2022-07-08,6628.7998046875,1.91,3.09,107.01000213623047,24.639999389648438,2725.0
2022-07-11,6450.56982421875,2.13,2.99,108.0199966430664,26.170000076293945,582.0
2022-07-12,6329.990234375,2.16,2.96,108.06999969482422,27.290000915527344,2110.0
2022-07-13,6324.9501953125,2.33,2.91,107.95999908447266,26.81999969482422,1304.0
2022-07-14,6316.85986328125,2.33,2.96,108.54000091552734,26.399999618530273,406.0
2022-07-15,6472.72021484375,2.29,2.93,108.05999755859375,24.229999542236328,260.0
2022-07-18,6425.85009765625,2.44,2.96,107.37000274658203,25.299999237060547,721.0
2022-07-19,6668.0,2.46,3.01,106.68000030517578,24.5,1627.0
2022-07-20,6877.56982421875,2.44,3.04,107.08000183105469,23.8799991607666,923.0
2022-07-21,6988.77001953125,2.40,2.91,106.91000366210938,23.110000610351562,1055.0
2022-07-22,6818.35986328125,2.41,2.77,106.7300033569336,23.030000686645508,636.0
2022-07-25,6746.169921875,2.55,2.81,106.4800033569336,23.360000610351562,315.0
2022-07-26,6549.77001953125,2.48,2.81,107.19000244140625,24.690000534057617,1271.0
2022-07-27,6857.91015625,2.37,2.78,106.44999694824219,23.239999771118164,939.0
2022-07-28,6953.4599609375,2.35,2.68,106.3499984741211,22.329999923706055,858.0
2022-07-29,7032.7900390625,2.34,2.67,105.9000015258789,21.329999923706055,1618.0
2022-08-01,7061.759765625,2.48,2.60,105.44999694824219,22.84000015258789,659.0
2022-08-02,7070.60009765625,2.48,2.75,106.23999786376953,23.93000030517578,1724.0
2022-08-03,7264.66015625,2.44,2.73,106.51000213623047,21.950000762939453,608.0
2022-08-04,7277.56005859375,2.41,2.68,105.69000244140625,21.440000534057617,1461.0
2022-08-05,7286.7099609375,2.48,2.83,106.62000274658203,21.149999618530273,350.0
2022-08-08,7261.83984375,2.57,2.77,106.44000244140625,21.290000915527344,1714.0
2022-08-09,7049.68017578125,2.58,2.80,106.37000274658203,21.770000457763672,2868.0
2022-08-10,7328.39990234375,2.56,2.78,105.19999694824219,19.739999771118164,256.0
2022-08-11,7259.5,2.52,2.87,105.08999633789062,20.200000762939453,616.0
2022-08-12,7442.35009765625,2.53,2.84,105.62999725341797,19.530000686645508,1014.0
2022-08-15,7489.93994140625,2.63,2.79,106.55000305175781,19.950000762939453,727.0
2022-08-16,7413.669921875,2.61,2.82,106.5,19.690000534057617,418.0
2022-08-17,7242.75,2.59,2.89,106.56999969482422,19.899999618530273,438.0
2022-08-18,7289.56982421875,2.61,2.88,107.4800033569336,19.559999465942383,361.0
2022-08-19,7079.6298828125,2.64,2.98,108.16999816894531,20.600000381469727,960.0
2022-08-22,6858.10986328125,2.74,3.03,109.05000305175781,23.799999237060547,267.0
2022-08-23,6865.5400390625,2.71,3.05,108.62000274658203,24.110000610351562,872.0
2022-08-24,6896.5400390625,2.73,3.11,108.68000030517578,22.81999969482422,224.0
2022-08-25,7060.97021484375,2.78,3.03,108.47000122070312,21.780000686645508,255.0
2022-08-26,6739.06005859375,2.78,3.04,108.80000305175781,25.559999465942383,193.0
2022-08-29,6631.77978515625,2.89,3.12,108.83999633789062,26.209999084472656,845.0
2022-08-30,6579.52978515625,2.88,3.11,108.7699966430664,26.209999084472656,149.0
2022-08-31,6534.080078125,2.87,3.15,108.69999694824219,25.8700008392334,1948.0
2022-09-01,6366.7900390625,2.88,3.26,109.69000244140625,25.559999465942383,327.0
2022-09-02,6304.0,2.85,3.20,109.52999877929688,25.469999313354492,269.0
2022-09-06,6238.68994140625,2.96,3.33,110.20999908447266,26.90999984741211,189.0
2022-09-07,6368.43017578125,2.98,3.27,109.83999633789062,24.639999389648438,624.0
2022-09-08,6462.81982421875,2.97,3.29,109.70999908447266,23.610000610351562,578.0
2022-09-09,6685.85009765625,2.98,3.33,109.0,22.790000915527344,791.0
2022-09-12,6758.83984375,3.09,3.37,108.33000183105469,23.8700008392334,388.0
2022-09-13,6361.66015625,3.19,3.42,109.81999969482422,27.270000457763672,539.0
2022-09-14,6395.7998046875,3.14,3.41,109.66000366210938,26.15999984741211,989.0
2022-09-15,6256.080078125,3.12,3.45,109.73999786376953,26.270000457763672,413.0
2022-09-16,6181.009765625,3.10,3.45,109.76000213623047,26.299999237060547,230.0
2022-09-19,6223.6201171875,3.29,3.49,109.73999786376953,25.760000228881836,418.0
2022-09-20,6142.52001953125,3.26,3.57,110.22000122070312,27.15999984741211,833.0
2022-09-21,6052.1201171875,3.21,3.51,110.63999938964844,27.989999771118164,129.0
2022-09-22,5917.39990234375,3.19,3.70,111.3499984741211,27.350000381469727,293.0
2022-09-23,5838.35986328125,3.12,3.69,113.19000244140625,29.920000076293945,329.0
2022-09-26,5776.5498046875,3.30,3.88,114.0999984741211,32.2599983215332,69.0
2022-09-27,5825.0,3.26,3.97,114.11000061035156,32.599998474121094,109.0
2022-09-28,5946.43017578125,3.29,3.72,112.5999984741211,30.18000030517578,954.0
2022-09-29,5813.06982421875,3.26,3.76,112.25,31.84000015258789,317.0
2022-09-30,5723.830078125,3.22,3.83,112.12000274658203,31.6200008392334,320.0
2022-10-03,5909.85986328125,3.34,3.67,111.75,30.100000381469727,160.0
2022-10-04,6130.419921875,3.32,3.62,110.06999969482422,29.06999969482422,471.0
2022-10-05,6162.9599609375,3.33,3.76,111.06999969482422,28.549999237060547,96.0
2022-10-06,6120.18017578125,3.32,3.83,112.26000213623047,30.520000457763672,3072.0
2022-10-07,5811.33984375,3.31,3.89,112.80000305175781,31.360000610351562,205.0
2022-10-10,5636.47998046875,.,.,113.13999938964844,32.45000076293945,1123.0
2022-10-11,5484.990234375,3.53,3.93,113.22000122070312,33.630001068115234,1234.0
2022-10-12,5456.5,3.56,3.91,113.31999969482422,33.56999969482422,2930.0
2022-10-13,5558.240234375,3.64,3.97,112.36000061035156,31.940000534057617,205.0
2022-10-14,5350.93017578125,3.65,4.00,113.30999755859375,32.02000045776367,876.0
2022-10-17,5545.60009765625,3.82,4.02,112.04000091552734,31.3700008392334,439.0
2022-10-18,5610.14013671875,3.89,4.01,112.12999725341797,30.5,140.0
2022-10-19,5571.3798828125,3.91,4.14,112.9800033569336,30.760000228881836,592.0
2022-10-20,5598.3798828125,3.91,4.24,112.87999725341797,29.979999542236328,824.0
2022-10-21,5734.35986328125,3.90,4.21,112.01000213623047,29.690000534057617,493.0
2022-10-24,5762.6201171875,4.00,4.25,111.98999786376953,29.850000381469727,4833.0
2022-10-25,5924.919921875,3.97,4.10,110.94999694824219,28.459999084472656,370.0
2022-10-26,5810.77001953125,3.94,4.04,109.69999694824219,27.280000686645508,4257.0
2022-10-27,5734.7998046875,3.95,3.96,110.58999633789062,27.389999389648438,405.0
2022-10-28,5903.85986328125,3.99,4.02,110.66999816894531,25.75,332.0
2022-10-31,5821.6201171875,4.06,4.10,111.52999877929688,25.8799991607666,484.0
2022-11-01,5796.60009765625,4.06,4.07,111.4800033569336,25.809999465942383,1315.0
2022-11-02,5548.81982421875,4.04,4.10,111.3499984741211,25.860000610351562,1371.0
2022-11-03,5392.93017578125,4.06,4.14,112.93000030517578,25.299999237060547,3058.0
2022-11-04,5425.0,4.02,4.17,110.87999725341797,24.549999237060547,4459.0
2022-11-07,5534.64990234375,4.12,4.22,110.12000274658203,24.350000381469727,2283.0
2022-11-08,5629.2900390625,4.10,4.14,109.62000274658203,25.540000915527344,811.0
2022-11-09,5470.85009765625,4.11,4.12,110.55000305175781,26.09000015258789,13620.0
2022-11-10,6045.31005859375,4.09,3.82,108.20999908447266,23.530000686645508,2343.0
2022-11-11,6262.31005859375,.,.,106.29000091552734,22.520000457763672,489.0
2022-11-14,6165.009765625,4.16,3.88,106.66000366210938,23.729999542236328,2296.0
2022-11-15,6344.14013671875,4.14,3.80,106.4000015258789,24.540000915527344,2198.0
2022-11-16,6121.2001953125,4.14,3.67,106.27999877929688,24.110000610351562,15407.0
2022-11-17,6078.7099609375,4.13,3.77,106.69000244140625,23.93000030517578,918.0
2022-11-18,6059.43994140625,4.15,3.82,106.93000030517578,23.1200008392334,2403.0
2022-11-21,5965.14990234375,4.23,3.83,107.83999633789062,22.360000610351562,1282.0
2022-11-22,6072.85009765625,4.21,3.76,107.22000122070312,21.290000915527344,993.0
2022-11-23,6150.58984375,4.21,3.71,106.08000183105469,20.350000381469727,288.0
2022-11-25,6092.72998046875,4.22,3.68,105.95999908447266,20.5,247.0
2022-11-28,5978.93994140625,4.30,3.69,106.68000030517578,22.209999084472656,1663.0
2022-11-29,5940.89013671875,4.27,3.75,106.81999969482422,21.889999389648438,654.0
2022-11-30,6252.47998046875,4.27,3.68,105.94999694824219,20.579999923706055,3694.0
2022-12-01,6327.919921875,4.22,3.53,104.7300033569336,19.84000015258789,1016.0
2022-12-02,6233.759765625,4.22,3.51,104.55000305175781,19.059999465942383,385.0
2022-12-05,6094.490234375,4.27,3.60,105.29000091552734,20.75,1319.0
2022-12-06,5964.68994140625,4.27,3.51,105.58000183105469,22.170000076293945,1837.0
2022-12-07,5942.3798828125,4.20,3.42,105.0999984741211,22.68000030517578,2360.0
2022-12-08,6084.18994140625,4.17,3.48,104.7699966430664,22.290000915527344,2167.0
2022-12-09,6057.02001953125,4.19,3.57,104.80999755859375,22.829999923706055,1675.0
2022-12-12,6189.580078125,4.29,3.61,105.12999725341797,25.0,1065.0
2022-12-13,6309.91015625,4.26,3.51,103.9800033569336,22.549999237060547,425.0
2022-12-14,6249.52978515625,4.23,3.49,103.7699966430664,21.139999389648438,512.0
2022-12-15,6006.02978515625,4.22,3.44,104.55999755859375,22.829999923706055,493.0
2022-12-16,5970.97021484375,4.20,3.48,104.69999694824219,22.6200008392334,568.0
2022-12-19,5865.1298828125,4.28,3.57,104.72000122070312,22.420000076293945,370.0
2022-12-20,5862.81982421875,4.25,3.69,103.97000122070312,21.479999542236328,280.0
2022-12-21,5949.47021484375,4.22,3.68,104.16000366210938,20.06999969482422,380.0
2022-12-22,5737.919921875,4.24,3.67,104.43000030517578,21.969999313354492,153.0
2022-12-23,5735.31982421875,4.23,3.75,104.30999755859375,20.8700008392334,242.0
2022-12-27,5662.56982421875,4.35,3.84,104.18000030517578,21.649999618530273,230.0
2022-12-28,5582.56982421875,4.35,3.88,104.45999908447266,22.139999389648438,0.0
2022-12-29,5765.56005859375,4.34,3.83,103.83999633789062,21.440000534057617,0.0
2022-12-30,5751.759765625,4.30,3.88,103.5199966430664,21.670000076293945,0.0
2023-01-03,5713.330078125,4.40,3.79,104.5199966430664,22.899999618530273,450.0
2023-01-04,5801.0,4.41,3.69,104.25,22.010000228881836,16640.0
2023-01-05,5647.490234375,4.51,3.71,105.04000091552734,22.459999084472656,1867.0
2023-01-06,5828.47998046875,4.51,3.55,103.87999725341797,21.1299991607666,839.0
2023-01-09,5930.7998046875,4.55,3.53,103.0,21.969999313354492,998.0
2023-01-10,5970.0,4.57,3.61,103.23999786376953,20.579999923706055,2868.0
2023-01-11,6066.5,4.57,3.54,103.19000244140625,21.09000015258789,2004.0
2023-01-12,6111.509765625,4.50,3.43,102.25,18.829999923706055,1492.0
2023-01-13,6150.89990234375,4.51,3.49,102.19999694824219,18.350000381469727,1749.0
2023-01-17,6176.47998046875,4.56,3.53,102.38999938964844,19.360000610351562,2504.0
2023-01-18,6091.2998046875,4.54,3.37,102.36000061035156,20.34000015258789,13218.0
2023-01-19,6000.509765625,4.55,3.39,102.05999755859375,20.520000457763672,3056.0
2023-01-20,6206.22021484375,4.57,3.48,102.01000213623047,19.850000381469727,15078.0
2023-01-23,6418.56982421875,4.58,3.52,102.13999938964844,19.809999465942383,1269.0
2023-01-24,6372.9599609375,4.57,3.46,101.91999816894531,19.200000762939453,2075.0
2023-01-25,6356.2099609375,4.56,3.46,101.63999938964844,19.079999923706055,6968.0
2023-01-26,6525.35986328125,4.55,3.49,101.83999633789062,18.729999542236328,3658.0
2023-01-27,6530.60009765625,4.57,3.52,101.93000030517578,18.510000228881836,778.0
2023-01-30,6363.259765625,4.59,3.55,102.27999877929688,19.940000534057617,10665.0
2023-01-31,6484.27978515625,4.58,3.52,102.0999984741211,19.399999618530273,5373.0
2023-02-01,6759.06982421875,4.54,3.39,101.22000122070312,17.8700008392334,2116.0
2023-02-02,6999.10986328125,4.53,3.40,101.75,18.729999542236328,3512.0
2023-02-03,6823.52978515625,4.57,3.53,102.91999816894531,18.329999923706055,407.0
2023-02-06,6710.16015625,4.59,3.63,103.62000274658203,19.43000030517578,7516.0
2023-02-07,6912.81005859375,4.59,3.67,103.43000030517578,18.65999984741211,2268.0
2023-02-08,6792.72998046875,4.59,3.63,103.41000366210938,19.6299991607666,1593.0
2023-02-09,6763.830078125,4.64,3.67,103.22000122070312,20.709999084472656,3560.0
2023-02-10,6674.580078125,4.66,3.74,103.62999725341797,20.530000686645508,531.0
2023-02-13,6784.27978515625,4.68,3.72,103.3499984741211,20.34000015258789,2715.0
2023-02-14,6909.06982421875,4.67,3.77,103.2300033569336,18.90999984741211,1223.0
2023-02-15,6981.9599609375,4.66,3.81,103.91999816894531,18.229999542236328,1959.0
2023-02-16,6783.919921875,4.70,3.86,103.86000061035156,20.170000076293945,1485.0
2023-02-17,6682.68994140625,4.70,3.82,103.86000061035156,20.020000457763672,3198.0
2023-02-21,6494.7900390625,4.72,3.95,104.18000030517578,22.8700008392334,1092.0
2023-02-22,6533.83984375,4.71,3.93,104.58999633789062,22.290000915527344,615.0
2023-02-23,6669.85986328125,4.71,3.88,104.5999984741211,21.139999389648438,697.0
2023-02-24,6529.77001953125,4.72,3.95,105.20999908447266,21.670000076293945,9469.0
2023-02-27,6572.330078125,4.74,3.92,104.66999816894531,20.950000762939453,1119.0
2023-02-28,6594.16015625,4.72,3.92,104.87000274658203,20.700000762939453,559.0
2023-03-01,6552.7001953125,4.73,4.01,104.4800033569336,20.579999923706055,1894.0
2023-03-02,6646.83984375,4.74,4.08,105.02999877929688,19.59000015258789,800.0
2023-03-03,6736.68994140625,4.74,3.97,104.5199966430664,18.489999771118164,1083.0
2023-03-06,6707.66015625,4.76,3.98,104.3499984741211,18.610000610351562,1853.0
2023-03-07,6623.64013671875,4.87,3.97,105.62000274658203,19.59000015258789,779.0
2023-03-08,6713.39990234375,4.89,3.98,105.66000366210938,19.110000610351562,88.0
2023-03-09,6562.77001953125,4.87,3.93,105.30999755859375,22.610000610351562,1466.0
2023-03-10,6432.2900390625,4.83,3.70,104.58000183105469,24.799999237060547,680.0
2023-03-13,6466.72998046875,4.70,3.55,103.5999984741211,26.520000457763672,0.0
2023-03-14,6632.83984375,4.71,3.64,103.5999984741211,23.729999542236328,10270.0
2023-03-15,6609.419921875,4.59,3.51,104.6500015258789,26.139999389648438,352.0
2023-03-16,6831.419921875,4.57,3.56,104.41999816894531,22.989999771118164,420.0
2023-03-17,6785.47998046875,4.36,3.39,103.70999908447266,25.510000228881836,219.0
2023-03-20,6783.6201171875,4.65,3.47,103.27999877929688,24.149999618530273,9050.0
2023-03-21,6861.56982421875,4.62,3.59,103.26000213623047,21.3799991607666,2829.0
2023-03-22,6738.60986328125,4.63,3.48,102.3499984741211,22.260000228881836,2866.0
2023-03-23,6900.72021484375,4.57,3.38,102.52999877929688,22.610000610351562,900.0
2023-03-24,6831.22998046875,4.57,3.38,103.12000274658203,21.739999771118164,270.0
2023-03-27,6779.43017578125,4.75,3.53,102.86000061035156,20.600000381469727,475.0
2023-03-28,6737.3798828125,4.64,3.55,102.43000030517578,19.969999313354492,1465.0
2023-03-29,6907.47998046875,4.64,3.57,102.63999938964844,19.1200008392334,2458.0
2023-03-30,7006.7099609375,4.80,3.55,102.13999938964844,19.020000457763672,1359.0
2023-03-31,7129.2001953125,4.68,3.48,102.51000213623047,18.700000762939453,135.0
2023-04-03,7064.56005859375,4.77,3.43,102.08999633789062,18.549999237060547,1516.0
2023-04-04,6992.2900390625,4.74,3.35,101.58999633789062,19.0,890.0
2023-04-05,6843.2099609375,4.72,3.30,101.8499984741211,19.079999923706055,485.0
2023-04-06,6851.3798828125,4.77,3.30,101.81999969482422,18.399999618530273,56.0
2023-04-10,6913.740234375,4.94,3.41,102.58000183105469,18.969999313354492,246.0
2023-04-11,6886.25,4.89,3.43,102.19999694824219,19.100000381469727,1022.0
2023-04-12,6806.47021484375,4.87,3.41,101.5,19.09000015258789,499.0
2023-04-13,6912.85009765625,4.95,3.45,101.01000213623047,17.799999237060547,456.0
2023-04-14,6887.8701171875,4.98,3.52,101.55000305175781,17.06999969482422,238.0
2023-04-17,6886.91015625,5.06,3.60,102.0999984741211,16.950000762939453,494.0
2023-04-18,6889.75,5.04,3.58,101.75,16.829999923706055,1035.0
2023-04-19,6836.02978515625,5.01,3.60,101.97000122070312,16.459999084472656,735.0
2023-04-20,6800.490234375,4.97,3.54,101.83999633789062,17.170000076293945,678.0
2023-04-21,6773.2998046875,4.98,3.57,101.81999969482422,16.770000457763672,1246.0
2023-04-24,6734.72998046875,5.04,3.52,101.3499984741211,16.889999389648438,8800.0
2023-04-25,6494.2099609375,4.97,3.40,101.86000061035156,18.760000228881836,585.0
2023-04-26,6554.419921875,5.00,3.43,101.47000122070312,18.84000015258789,376.0
2023-04-27,6666.490234375,5.03,3.53,101.5,17.030000686645508,1478.0
2023-04-28,6714.22021484375,4.95,3.44,101.66999816894531,15.779999732971191,524.0
2023-05-01,6722.08984375,5.10,3.59,102.1500015258789,16.079999923706055,680.0
2023-05-02,6641.60986328125,5.08,3.44,101.95999908447266,17.780000686645508,106.0
2023-05-03,6591.669921875,5.09,3.38,101.33999633789062,18.34000015258789,1076.0
2023-05-04,6607.9599609375,5.10,3.37,101.4000015258789,20.09000015258789,3620.0
2023-05-05,6712.39990234375,5.10,3.44,101.20999908447266,17.190000534057617,637.0
2023-05-08,6762.169921875,5.15,3.52,101.37000274658203,16.979999542236328,960.0
2023-05-09,6702.68994140625,5.13,3.53,101.61000061035156,17.709999084472656,739.0
2023-05-10,6805.91015625,5.08,3.43,101.4800033569336,16.940000534057617,346.0
2023-05-11,6784.06005859375,5.04,3.39,102.05999755859375,16.93000030517578,547.0
2023-05-12,6777.35986328125,5.08,3.46,102.68000030517578,17.030000686645508,884.0
2023-05-15,6928.5498046875,5.06,3.50,102.43000030517578,17.1200008392334,69.0
2023-05-16,6901.33984375,5.07,3.54,102.55999755859375,17.989999771118164,3564.0
2023-05-17,7035.5,5.10,3.57,102.87999725341797,16.8700008392334,140.0
2023-05-18,7225.4599609375,5.14,3.65,103.58000183105469,16.049999237060547,455.0
2023-05-19,7206.240234375,5.12,3.70,103.19999694824219,16.809999465942383,30.0
2023-05-22,7267.81982421875,5.24,3.72,103.19999694824219,17.209999084472656,307.0
2023-05-23,7152.009765625,5.18,3.70,103.48999786376953,18.530000686645508,1182.0
2023-05-24,7082.27978515625,5.21,3.73,103.88999938964844,20.030000686645508,635.0
2023-05-25,7334.66015625,5.21,3.83,104.20999908447266,19.139999389648438,403.0
2023-05-26,7700.759765625,5.16,3.80,104.20999908447266,17.950000762939453,183.0
2023-05-30,7716.56982421875,5.28,3.69,104.16999816894531,17.459999084472656,365.0
2023-05-31,7643.0498046875,5.26,3.64,104.31999969482422,17.940000534057617,812.0
2023-06-01,7727.9599609375,5.24,3.61,103.55999755859375,15.649999618530273,1148.0
2023-06-02,7758.52001953125,5.23,3.69,104.0199966430664,14.600000381469727,279.0
2023-06-05,7736.64013671875,5.20,3.69,104.0,14.729999542236328,330.0
2023-06-06,7791.7900390625,5.18,3.70,104.12999725341797,13.960000038146973,655.0
2023-06-07,7633.25,5.16,3.79,104.0999984741211,13.9399995803833,1766.0
2023-06-08,7722.7998046875,5.12,3.73,103.33999633789062,13.649999618530273,800.0
2023-06-09,7742.9501953125,5.11,3.75,103.55999755859375,13.829999923706055,263.0
2023-06-12,7955.169921875,5.14,3.73,103.62999725341797,15.010000228881836,908.0
2023-06-13,8048.759765625,5.11,3.84,103.33999633789062,14.609999656677246,419.0
2023-06-14,8101.0,5.10,3.83,103.01000213623047,13.880000114440918,1339.0
2023-06-15,8164.64013671875,5.07,3.72,102.12000274658203,14.5,375.0
2023-06-16,8081.740234375,5.09,3.77,102.30000305175781,13.539999961853027,528.0
2023-06-20,8007.08984375,5.14,3.74,102.54000091552734,13.880000114440918,1906.0
2023-06-21,7818.080078125,5.15,3.72,102.06999969482422,13.199999809265137,959.0
2023-06-22,7876.43994140625,5.15,3.80,102.38999938964844,12.90999984741211,50.0
2023-06-23,7763.60986328125,5.15,3.74,102.9000015258789,13.4399995803833,50.0
2023-06-26,7746.330078125,5.24,3.72,102.69000244140625,14.25,426.0
2023-06-27,7970.22021484375,5.19,3.77,102.48999786376953,13.739999771118164,1293.0
2023-06-28,7954.43994140625,5.18,3.71,102.91000366210938,13.430000305175781,341.0
2023-06-29,7937.72998046875,5.20,3.85,103.33999633789062,13.539999961853027,1009.0
2023-06-30,8048.89990234375,5.17,3.81,102.91000366210938,13.59000015258789,282.0
2023-07-03,8073.740234375,5.21,3.86,102.98999786376953,13.569999694824219,324.0
2023-07-05,7995.85009765625,5.21,3.95,103.37000274658203,14.180000305175781,230.0
2023-07-06,7882.22998046875,5.23,4.05,103.16999816894531,15.4399995803833,3519.0
2023-07-07,7884.1201171875,5.22,4.06,102.2699966430664,14.829999923706055,299.0
2023-07-10,8054.85009765625,5.25,4.01,101.97000122070312,15.069999694824219,400.0
2023-07-11,8075.31982421875,5.25,3.99,101.7300033569336,14.84000015258789,1199.0
2023-07-12,8142.2900390625,5.24,3.86,100.5199966430664,13.539999961853027,1051.0
2023-07-13,8326.9501953125,5.24,3.76,99.7699966430664,13.609999656677246,1197.0
2023-07-14,8286.7099609375,5.25,3.83,99.91000366210938,13.34000015258789,1014.0
2023-07-17,8442.150390625,5.26,3.81,99.83999633789062,13.479999542236328,474.0
2023-07-18,8474.9501953125,5.25,3.80,99.94000244140625,13.300000190734863,1149.0
2023-07-19,8441.7802734375,5.26,3.75,100.27999877929688,13.760000228881836,345.0
2023-07-20,8155.169921875,5.26,3.85,100.87999725341797,13.989999771118164,968.0
2023-07-21,8212.5703125,5.27,3.84,101.06999969482422,13.600000381469727,116.0
2023-07-24,8200.7197265625,5.28,3.86,101.3499984741211,13.90999984741211,352.0
2023-07-25,8323.080078125,5.28,3.91,101.3499984741211,13.859999656677246,146.0
2023-07-26,8271.0498046875,5.28,3.86,100.88999938964844,13.1899995803833,750.0
2023-07-27,8351.01953125,5.28,4.01,101.7699966430664,14.40999984741211,934.0
2023-07-28,8522.9697265625,5.28,3.96,101.62000274658203,13.329999923706055,580.0
2023-07-31,8587.41015625,5.28,3.97,101.86000061035156,13.630000114440918,351.0
2023-08-01,8597.3603515625,5.27,4.05,102.30000305175781,13.930000305175781,823.0
2023-08-02,8256.740234375,5.27,4.08,102.58999633789062,16.09000015258789,1394.0
2023-08-03,8263.0595703125,5.27,4.20,102.54000091552734,15.920000076293945,232.0
2023-08-04,8171.31005859375,5.28,4.05,102.0199966430664,17.100000381469727,388.0
2023-08-07,8226.759765625,5.29,4.09,102.05000305175781,15.770000457763672,300.0
2023-08-08,8075.64990234375,5.30,4.02,102.52999877929688,15.989999771118164,1670.0
2023-08-09,7974.85986328125,5.28,4.00,102.48999786376953,15.960000038146973,776.0
2023-08-10,8004.93017578125,5.28,4.09,102.5199966430664,15.850000381469727,560.0
2023-08-11,7886.56982421875,5.28,4.16,102.83999633789062,14.84000015258789,50.0
2023-08-14,8034.490234375,5.29,4.19,103.19000244140625,14.819999694824219,650.0
2023-08-15,7905.43017578125,5.29,4.21,103.20999908447266,16.459999084472656,29.0
2023-08-16,7795.5498046875,5.29,4.28,103.41999816894531,16.780000686645508,103.0
2023-08-17,7705.6298828125,5.29,4.30,103.44000244140625,17.889999389648438,620.0
2023-08-18,7732.52001953125,5.28,4.26,103.37999725341797,17.299999237060547,249.0
2023-08-21,7915.81982421875,5.30,4.34,103.33000183105469,17.1299991607666,488.0
2023-08-22,7874.0498046875,5.30,4.34,103.55999755859375,16.969999313354492,2859.0
2023-08-23,8020.14013671875,5.30,4.19,103.36000061035156,15.979999542236328,489.0
2023-08-24,7796.56982421875,5.31,4.23,103.9800033569336,17.200000762939453,77.0
2023-08-25,7896.52001953125,5.34,4.25,104.08000183105469,15.680000305175781,200.0
2023-08-28,7951.0,5.34,4.20,104.05999755859375,15.079999923706055,1126.0
2023-08-29,8163.89013671875,5.33,4.12,103.55000305175781,14.449999809265137,119.0
2023-08-30,8231.3095703125,5.32,4.12,103.16000366210938,13.880000114440918,332.0
2023-08-31,8323.5,5.32,4.09,103.62000274658203,13.569999694824219,743.0
2023-09-01,8373.5302734375,5.30,4.18,104.23999786376953,13.09000015258789,254.0
2023-09-05,8402.3095703125,5.32,4.27,104.80999755859375,14.010000228881836,182.0
2023-09-06,8376.8603515625,5.31,4.30,104.86000061035156,14.449999809265137,738.0
2023-09-07,8280.900390625,5.30,4.27,105.05999755859375,14.399999618530273,169.0
2023-09-08,8264.26953125,5.31,4.26,105.08999633789062,13.84000015258789,169.0
2023-09-11,8339.6298828125,5.32,4.29,104.56999969482422,13.800000190734863,508.0
2023-09-12,8221.599609375,5.32,4.27,104.70999908447266,14.229999542236328,429.0
2023-09-13,8243.2099609375,5.31,4.25,104.7699966430664,13.479999542236328,275.0
2023-09-14,8304.0,5.31,4.29,105.41000366210938,12.819999694824219,423.0
2023-09-15,8087.27978515625,5.32,4.33,105.31999969482422,13.789999961853027,350.0
2023-09-18,8126.2001953125,5.31,4.32,105.19999694824219,14.0,408.0
2023-09-19,8077.7998046875,5.31,4.37,105.19999694824219,14.109999656677246,0.0
2023-09-20,7955.83984375,5.33,4.35,105.16000366210938,15.140000343322754,273.0
2023-09-21,7794.93994140625,5.33,4.49,105.36000061035156,17.540000915527344,430.0
2023-09-22,7855.830078125,5.32,4.44,105.58000183105469,17.200000762939453,235.0
2023-09-25,7877.509765625,5.35,4.55,106.0,16.899999618530273,75.0
2023-09-26,7753.669921875,5.34,4.56,106.2300033569336,18.940000534057617,364.0
2023-09-27,7812.89013671875,5.34,4.61,106.66999816894531,18.219999313354492,200.0
2023-09-28,7901.66015625,5.32,4.59,106.22000122070312,17.34000015258789,1290.0
2023-09-29,7939.240234375,5.32,4.59,106.16999816894531,17.520000457763672,134.0
2023-10-02,7997.330078125,5.35,4.69,106.9000015258789,17.610000610351562,662.0
2023-10-03,7800.080078125,5.35,4.81,107.0,19.780000686645508,219.0
2023-10-04,7907.02001953125,5.34,4.73,106.80000305175781,18.579999923706055,1630.0
2023-10-05,7873.2900390625,5.34,4.72,106.33000183105469,18.489999771118164,530.0
2023-10-06,8093.7001953125,5.36,4.78,106.04000091552734,17.450000762939453,904.0
2023-10-09,8126.18017578125,.,.,106.08000183105469,17.700000762939453,956.0
2023-10-10,8216.1298828125,5.34,4.66,105.83000183105469,17.030000686645508,180.0
2023-10-11,8259.8095703125,5.34,4.58,105.81999969482422,16.09000015258789,120.0
2023-10-12,8223.8203125,5.35,4.70,106.56999969482422,16.690000534057617,1514.0
2023-10-13,8074.41015625,5.35,4.63,106.6500015258789,19.31999969482422,159.0
2023-10-16,8179.33984375,5.34,4.71,106.23999786376953,17.209999084472656,1468.0
2023-10-17,8167.06982421875,5.35,4.83,106.25,17.8799991607666,200.0
2023-10-18,8048.35009765625,5.34,4.91,106.56999969482422,19.219999313354492,437.0
2023-10-19,7946.52978515625,5.33,4.98,106.25,21.399999618530273,761.0
2023-10-20,7801.0,5.31,4.93,106.16000366210938,21.709999084472656,214.0
2023-10-23,7784.72998046875,5.32,4.86,105.54000091552734,20.3700008392334,115.0
2023-10-24,7884.52001953125,5.31,4.83,106.2699966430664,18.969999313354492,259.0
2023-10-25,7599.6298828125,5.32,4.95,106.52999877929688,20.190000534057617,449.0
2023-10-26,7528.81982421875,5.32,4.86,106.5999984741211,20.68000030517578,170.0
2023-10-27,7579.22021484375,5.32,4.84,106.55999755859375,21.270000457763672,46.0
2023-10-30,7548.64990234375,5.33,4.88,106.12000274658203,19.75,265.0
2023-10-31,7610.080078125,5.33,4.88,106.66000366210938,18.139999389648438,170.0
2023-11-01,7715.47998046875,5.31,4.77,106.87999725341797,16.8700008392334,1368.0
2023-11-02,7838.18994140625,5.28,4.67,106.12000274658203,15.65999984741211,1231.0
2023-11-03,7976.9599609375,5.27,4.57,105.0199966430664,14.90999984741211,370.0
2023-11-06,7946.66015625,5.29,4.67,105.22000122070312,14.890000343322754,261.0
2023-11-07,8103.4501953125,5.28,4.58,105.54000091552734,14.8100004196167,273.0
2023-11-08,8121.16015625,5.28,4.49,105.58999633789062,14.449999809265137,689.0
2023-11-09,8065.14013671875,5.27,4.62,105.91000366210938,15.289999961853027,273.0
2023-11-10,8323.830078125,5.26,4.61,105.86000061035156,14.170000076293945,69.0
2023-11-13,8289.8798828125,5.28,4.63,105.66000366210938,14.760000228881836,305.0
2023-11-14,8562.4697265625,5.26,4.44,104.11000061035156,14.15999984741211,783.0
2023-11-15,8575.2998046875,5.26,4.53,104.38999938964844,14.180000305175781,434.0
2023-11-16,8579.099609375,5.25,4.45,104.37000274658203,14.319999694824219,431.0
2023-11-17,8619.830078125,5.25,4.44,103.81999969482422,13.800000190734863,452.0
2023-11-20,8758.75,5.27,4.42,103.47000122070312,13.40999984741211,540.0
2023-11-21,8671.4501953125,5.26,4.41,103.56999969482422,13.350000381469727,185.0
2023-11-22,8672.3798828125,5.27,4.42,103.91999816894531,12.850000381469727,0.0
2023-11-24,8692.099609375,5.28,4.47,103.4000015258789,12.460000038146973,0.0
2023-11-27,8677.0302734375,5.28,4.39,103.19999694824219,12.6899995803833,4077.0
2023-11-28,8739.9599609375,5.27,4.34,102.75,12.6899995803833,581.0
2023-11-29,8874.26953125,5.25,4.27,102.7699966430664,12.979999542236328,0.0
2023-11-30,8850.4697265625,5.25,4.37,103.5,12.920000076293945,559.0
2023-12-01,8878.9404296875,5.23,4.22,103.2699966430664,12.630000114440918,100.0
2023-12-04,8767.8203125,5.26,4.28,103.63999938964844,13.079999923706055,1887.0
2023-12-05,8749.08984375,5.25,4.18,104.05000305175781,12.850000381469727,834.0
2023-12-06,8686.9404296875,5.25,4.12,104.1500015258789,12.970000267028809,185.0
2023-12-07,8847.0,5.24,4.14,103.54000091552734,13.0600004196167,303.0
2023-12-08,8887.0703125,5.24,4.23,104.01000213623047,12.350000381469727,922.0
2023-12-11,9095.48046875,5.26,4.23,104.0999984741211,12.630000114440918,361.0
2023-12-12,9184.73046875,5.26,4.20,103.87000274658203,12.069999694824219,45.0
2023-12-13,9311.25,5.24,4.04,102.87000274658203,12.1899995803833,849.0
2023-12-14,9404.6796875,5.23,3.92,101.95999908447266,12.479999542236328,1205.0
2023-12-15,9483.8603515625,5.24,3.91,102.55000305175781,12.279999732971191,130.0
2023-12-18,9475.25,5.26,3.95,102.51000213623047,12.5600004196167,820.0
2023-12-19,9514.8603515625,5.23,3.93,102.16999816894531,12.529999732971191,300.0
2023-12-20,9344.419921875,5.24,3.86,102.41000366210938,13.670000076293945,200.0
2023-12-21,9523.1904296875,5.22,3.89,101.83999633789062,13.649999618530273,480.0
2023-12-22,9566.5595703125,5.24,3.90,101.69999694824219,13.029999732971191,0.0
2023-12-26,9661.8203125,5.25,3.89,101.47000122070312,12.989999771118164,0.0
2023-12-27,9660.16015625,5.24,3.79,100.98999786376953,12.430000305175781,0.0
2023-12-28,9650.400390625,5.25,3.84,101.2300033569336,12.470000267028809,69.0
2023-12-29,9587.919921875,5.20,3.88,101.33000183105469,12.449999809265137,46.0
2024-01-02,9286.98046875,5.22,3.95,102.19999694824219,13.199999809265137,224.0
2024-01-03,9152.490234375,5.24,3.91,102.45999908447266,14.039999961853027,3160.0
2024-01-04,9098.91015625,5.24,3.99,102.41999816894531,14.130000114440918,270.0
2024-01-05,9122.26953125,5.24,4.05,102.41000366210938,13.350000381469727,194.0
2024-01-08,9382.0400390625,5.25,4.01,102.20999908447266,13.079999923706055,3818.0
2024-01-09,9431.26953125,5.24,4.02,102.56999969482422,12.760000228881836,1114.0
2024-01-10,9488.7197265625,5.23,4.04,102.36000061035156,12.6899995803833,3033.0
2024-01-11,9539.0595703125,5.23,3.98,102.29000091552734,12.4399995803833,1647.0
2024-01-12,9534.169921875,5.22,3.96,102.4000015258789,12.699999809265137,527.0
2024-01-16,9562.1396484375,5.22,4.07,103.36000061035156,13.84000015258789,395.0
2024-01-17,9485.009765625,5.24,4.10,103.44999694824219,14.789999961853027,160.0
2024-01-18,9658.9697265625,5.22,4.14,103.54000091552734,14.130000114440918,299.0
2024-01-19,9921.76953125,5.22,4.15,103.29000091552734,13.300000190734863,1650.0
2024-01-22,9994.599609375,5.22,4.11,103.33000183105469,13.1899995803833,2173.0
2024-01-23,10035.0302734375,5.21,4.14,103.62000274658203,12.550000190734863,10346.0
2024-01-24,10103.1201171875,5.21,4.18,103.23999786376953,13.140000343322754,780.0
2024-01-25,10092.349609375,5.21,4.14,103.56999969482422,13.449999809265137,2766.0
2024-01-26,9947.7099609375,5.21,4.15,103.47000122070312,13.260000228881836,873.0
2024-01-29,10077.2900390625,5.22,4.08,103.61000061035156,13.600000381469727,538.0
2024-01-30,9974.8203125,5.21,4.06,103.4000015258789,13.3100004196167,4243.0
2024-01-31,9797.6796875,5.22,3.99,103.2699966430664,14.350000381469727,934.0
2024-02-01,9888.8603515625,5.22,3.87,103.05000305175781,13.880000114440918,841.0
2024-02-02,10021.7197265625,5.23,4.03,103.91999816894531,13.850000381469727,487.0
2024-02-05,10017.66015625,5.22,4.17,104.44999694824219,13.670000076293945,1066.0
2024-02-06,9966.25,5.23,4.09,104.18000030517578,13.0600004196167,930.0
2024-02-07,10145.01953125,5.23,4.09,104.04000091552734,12.829999923706055,479.0
2024-02-08,10256.2998046875,5.23,4.15,104.1500015258789,12.789999961853027,586.0
2024-02-09,10435.1201171875,5.24,4.17,104.08000183105469,12.930000305175781,151.0
2024-02-12,10371.7099609375,5.23,4.17,104.16999816894531,13.930000305175781,0.0
2024-02-13,10154.5,5.25,4.31,104.95999908447266,15.850000381469727,626.0
2024-02-14,10347.8701171875,5.23,4.27,104.72000122070312,14.380000114440918,4352.0
2024-02-15,10342.7197265625,5.23,4.24,104.30000305175781,14.010000228881836,868.0
2024-02-16,10225.0302734375,5.24,4.3,104.30000305175781,14.239999771118164,2120.0
2024-02-20,10122.2998046875,5.24,4.27,104.08000183105469,15.420000076293945,455.0
2024-02-21,9939.3896484375,5.24,4.32,104.01000213623047,15.34000015258789,520.0
2024-02-22,10306.1796875,5.25,4.33,103.95999908447266,14.539999961853027,69.0
2024-02-23,10265.7099609375,5.26,4.26,103.94000244140625,13.75,133.0
2024-02-26,10329.919921875,5.26,4.28,103.83000183105469,13.739999771118164,1639.0
2024-02-27,10347.509765625,5.25,4.31,103.83000183105469,13.430000305175781,1529.0
2024-02-28,10257.580078125,5.24,4.27,103.9800033569336,13.84000015258789,1099.0
2024-02-29,10411.7802734375,5.25,4.25,104.16000366210938,13.399999618530273,200.0
